Date,Open,High,Low,Close,Volume,buy_sell,price
2012-01-31,35.470001220703125,36.45000076293945,34.04999923706055,34.04999923706055,93200,B,34.19999908447266
2012-02-08,36.34999847412109,36.369998931884766,35.849998474121094,35.97999954223633,10500,S,36.309999237060545
2012-02-09,36.0099983215332,36.0099983215332,35.599998474121094,35.599998474121094,33100,B,35.839998474121096
2012-02-14,36.0,36.20000076293945,35.720001220703125,36.20000076293945,3100,S,35.85999847412109
2012-03-02,39.91999816894531,40.20000076293945,39.77999877929688,40.04999923706055,14800,B,39.85999893188477
2012-03-08,38.52000045776367,40.25,38.52000045776367,39.18000030517578,7900,S,39.449998626708975
2012-03-16,39.09000015258789,40.0,37.54999923706055,37.54999923706055,65800,B,39.07000183105469
2012-03-22,39.29999923706055,40.09999847412109,39.220001220703125,39.900001525878906,25900,S,39.059999237060545
2012-03-29,40.5099983215332,41.54999923706055,39.060001373291016,40.79999923706055,59900,B,40.14000152587891
2012-04-02,40.70000076293945,42.0,40.5,41.709999084472656,37200,S,41.559999237060545
2012-04-05,41.34999847412109,42.79999923706055,41.34999847412109,42.79999923706055,45000,B,41.78999923706055
2012-04-11,43.27999877929688,43.27999877929688,42.25,42.4900016784668,24600,S,42.71000076293945
2012-04-13,43.04999923706055,43.29999923706055,42.02000045776367,43.29999923706055,53800,B,42.24
2012-04-19,42.93999862670898,43.04999923706055,41.900001525878906,43.04999923706055,25100,S,42.989999542236326
2012-04-23,42.459999084472656,42.459999084472656,41.869998931884766,42.0,5100,B,41.89000152587891
2012-04-25,42.650001525878906,42.650001525878906,42.400001525878906,42.59999847412109,5700,S,42.51
2012-04-27,42.560001373291016,42.88999938964844,42.380001068115234,42.880001068115234,6300,B,42.39000152587891
2012-05-02,42.91999816894531,42.91999816894531,42.29999923706055,42.880001068115234,4900,S,42.899999389648436
2012-05-04,42.68999862670898,42.68999862670898,41.5099983215332,42.400001525878906,21000,B,42.28999923706055
2012-05-10,41.41999816894531,42.0,41.27000045776367,41.5,21800,S,41.51
2012-05-14,41.20000076293945,41.20000076293945,39.650001525878906,39.650001525878906,19000,B,41.260000457763674
2012-05-22,39.0,39.310001373291016,38.810001373291016,39.25,12900,S,39.17999816894531
2012-05-24,38.79999923706055,38.79999923706055,38.13999938964844,38.5,4100,B,38.58999847412109
2012-05-28,38.38999938964844,39.59000015258789,38.38999938964844,39.59000015258789,17400,S,38.809999237060545
2012-06-01,38.15999984741211,38.88999938964844,37.95000076293945,38.75,9400,B,38.530000915527346
2012-06-05,38.400001525878906,38.900001525878906,37.27000045776367,37.400001525878906,10800,S,38.899999389648436
2012-06-14,41.290000915527344,42.0,40.5,40.5,2300,B,40.58999847412109
2012-06-18,40.810001373291016,42.2400016784668,40.79999923706055,41.58000183105469,7000,S,42.01
2012-06-22,41.22999954223633,41.22999954223633,40.0,40.209999084472656,9900,B,40.940000762939455
2012-06-29,40.47999954223633,41.16999816894531,40.47999954223633,40.59000015258789,3100,S,39.809999237060545
2012-07-03,39.90999984741211,39.90999984741211,39.29999923706055,39.29999923706055,6700,B,39.33999847412109
2012-07-05,39.2599983215332,40.4900016784668,39.130001068115234,40.4900016784668,4200,S,39.91999984741211
2012-07-12,38.869998931884766,40.09000015258789,38.7599983215332,39.0,3800,B,39.100000610351564
2012-07-16,40.34999847412109,40.34999847412109,39.04999923706055,39.04999923706055,6800,S,40.10000015258789
2012-07-17,39.06999969482422,39.5,38.91999816894531,38.91999816894531,2600,B,39.03999923706055
2012-07-24,38.70000076293945,38.9900016784668,38.290000915527344,38.290000915527344,6900,S,38.89000106811523
2012-07-25,38.66999816894531,38.959999084472656,38.2599983215332,38.5,4100,B,38.280000915527346
2012-08-10,37.95000076293945,37.970001220703125,37.02999877929688,37.20000076293945,20700,S,37.26
2012-08-14,37.0099983215332,36.97999954223633,36.79999923706055,36.97999954223633,207000,B,37.019998779296884
2012-08-20,35.7599983215332,36.79999923706055,35.54999923706055,36.09999847412109,3200,S,36.250001678466795
2012-08-22,35.79999923706055,35.79999923706055,35.5099983215332,35.79999923706055,9000,B,35.53999923706055
2012-08-24,35.70000076293945,35.849998474121094,35.18000030517578,35.70000076293945,523600,S,35.809999237060545
2012-09-03,36.77000045776367,36.970001220703125,35.0,35.029998779296875,6600,B,35.89000152587891
2012-09-13,32.54999923706055,35.400001525878906,32.5,34.0,16400,S,33.809999237060545
2012-09-20,34.650001525878906,35.41999816894531,34.11000061035156,34.11000061035156,8300,B,34.69999908447266
2012-09-26,34.31999969482422,34.77000045776367,34.220001220703125,34.400001525878906,5400,S,34.559999237060545
2012-10-02,34.18000030517578,34.18000030517578,33.0099983215332,33.29999923706055,8500,B,33.55000137329102
2012-10-17,30.280000686645508,31.32999992370605,30.170000076293945,31.0,10000,S,31.30999923706055
2012-10-19,30.18000030517578,30.21999931335449,30.149999618530277,30.149999618530277,185000,B,30.160000076293944
2012-10-25,30.82999992370605,30.82999992370605,30.01000022888184,30.01000022888184,15400,S,30.01
2012-10-29,29.32999992370605,29.780000686645508,29.100000381469727,29.700000762939453,8200,B,30.000000228881838
2012-11-29,25.36000061035156,25.71999931335449,25.26000022888184,25.26000022888184,9900,S,25.52000022888184
2012-12-05,25.65999984741211,26.0,25.56999969482422,25.600000381469727,14700,B,25.74
2012-12-26,24.0,26.149999618530277,24.0,25.979999542236328,41800,S,24.430000076293947
2013-01-04,25.670000076293945,26.899999618530277,25.239999771118164,26.899999618530277,64400,B,25.81999992370605
2013-01-31,22.84000015258789,23.90999984741211,22.84000015258789,23.90999984741211,128100,S,22.860000381469728
2013-02-06,23.549999237060547,23.790000915527344,23.25,23.25,5500,B,23.26000045776367
2013-02-18,21.790000915527344,22.149999618530277,21.790000915527344,21.920000076293945,7700,S,22.01
2013-02-28,23.479999542236328,23.63999938964844,22.809999465942383,23.399999618530277,58700,B,23.69000076293945
2013-03-05,23.399999618530277,23.399999618530277,22.709999084472656,22.709999084472656,126500,S,23.389999160766603
2013-03-06,22.88999938964844,23.18000030517578,22.700000762939453,23.18000030517578,10400,B,22.699999084472655
2013-03-12,23.049999237060547,23.46999931335449,23.049999237060547,23.46999931335449,267100,S,23.29000068664551
2013-03-20,23.13999938964844,23.13999938964844,22.100000381469727,22.5,15300,B,23.479999771118162
2013-03-25,23.0,23.0,22.059999465942383,22.059999465942383,8700,S,22.960000762939455
2013-04-02,23.899999618530277,23.899999618530277,23.01000022888184,23.899999618530277,6700,B,23.410000076293944
2013-04-09,22.71999931335449,23.600000381469727,22.36000061035156,23.020000457763672,38000,S,23.54000068664551
2013-04-15,23.15999984741211,23.899999618530277,22.100000381469727,22.950000762939453,74600,B,22.79999946594238
2013-04-22,23.600000381469727,23.600000381469727,23.190000534057617,23.450000762939453,13500,S,23.51
2013-04-25,23.40999984741211,23.5,23.309999465942383,23.489999771118164,24000,B,23.399999847412108
2013-04-29,23.770000457763672,23.950000762939453,23.75,23.780000686645508,5000,S,23.51
2013-05-02,23.75,23.75,23.030000686645508,23.049999237060547,9600,B,23.74
2013-05-13,23.850000381469727,23.850000381469727,23.350000381469727,23.549999237060547,10000,S,23.80999923706055
2013-05-14,23.450000762939453,23.549999237060547,23.01000022888184,23.549999237060547,20300,B,23.340000381469725
2013-05-21,22.5,22.899999618530277,22.40999984741211,22.899999618530277,4400,S,22.65999961853028
2013-05-23,22.350000381469727,22.59000015258789,22.350000381469727,22.559999465942383,9800,B,22.399999847412108
2013-05-28,22.489999771118164,23.0,22.459999084472656,23.0,25800,S,22.610000381469728
2013-05-29,22.75,22.75,22.399999618530277,22.600000381469727,13300,B,22.449999084472655
2013-06-10,21.32999992370605,21.989999771118164,20.5,21.899999618530277,55500,S,21.80999923706055
2013-06-13,20.920000076293945,21.049999237060547,20.700000762939453,20.950000762939453,7900,B,20.74
2013-06-21,19.450000762939453,20.5,19.100000381469727,20.5,9400,S,20.05999923706055
2013-06-27,20.0,20.0,19.850000381469727,20.0,4100,B,19.889999618530275
2013-06-28,20.09000015258789,20.989999771118164,19.649999618530277,20.989999771118164,44500,S,20.110000381469728
2013-07-03,20.200000762939453,20.290000915527344,19.5,19.899999618530277,10600,B,19.639999618530275
2013-07-19,17.969999313354492,18.5,17.809999465942383,18.200000762939453,2200,S,18.219999084472658
2013-07-25,18.57999992370605,19.38999938964844,18.420000076293945,19.200000762939453,9900,B,18.590000381469725
2013-07-30,19.170000076293945,19.5,19.0,19.01000022888184,21000,S,19.30999923706055
2013-08-05,19.200000762939453,19.200000762939453,18.799999237060547,19.0,6100,B,19.04999946594238
2013-08-08,18.600000381469727,19.0,18.399999618530277,19.0,3000,S,18.98999954223633
2013-08-13,18.600000381469727,18.700000762939453,18.299999237060547,18.399999618530277,10300,B,18.49
2013-08-15,18.81999969482422,18.81999969482422,18.200000762939453,18.59000015258789,13800,S,18.710000762939455
2013-08-20,18.5,18.5,18.020000457763672,18.26000022888184,16700,B,18.340000381469725
2013-08-28,17.790000915527344,18.209999084472656,17.649999618530273,17.700000762939453,34900,S,18.210000762939455
2013-08-29,17.739999771118164,17.84000015258789,17.5,17.68000030517578,14700,B,17.500000228881834
2013-09-02,17.450000762939453,18.3700008392334,17.450000762939453,17.850000381469727,10700,S,17.969999084472658
2013-09-06,17.639999389648438,17.799999237060547,17.510000228881836,17.600000381469727,14700,B,17.539999237060545
2013-09-09,17.600000381469727,17.940000534057617,17.549999237060547,17.700000762939453,10900,S,17.80999923706055
2013-09-13,17.75,17.75,17.280000686645508,17.690000534057617,15500,B,17.639999618530272
2013-09-17,17.75,17.889999389648438,17.719999313354492,17.719999313354492,14900,S,17.80999923706055
2013-09-19,17.90999984741211,18.100000381469727,17.700000762939453,17.700000762939453,13100,B,17.70999931335449
2013-09-23,17.780000686645508,18.299999237060547,17.6299991607666,18.0,4200,S,18.110000381469728
2013-09-30,17.799999237060547,18.0,17.700000762939453,17.799999237060547,134000,B,17.74
2013-10-03,17.81999969482422,17.989999771118164,17.75,17.850000381469727,10200,S,17.909999618530275
2013-10-14,18.700000762939453,18.700000762939453,18.450000762939453,18.600000381469727,3500,B,18.590000381469725
2013-10-22,18.559999465942383,18.600000381469727,18.40999984741211,18.540000915527344,8500,S,18.51
2013-10-23,18.690000534057617,18.690000534057617,18.149999618530277,18.32999992370605,6900,B,18.340000381469725
2013-10-30,17.700000762939453,18.149999618530277,17.690000534057617,18.149999618530277,8500,S,17.999999771118166
2013-11-05,17.639999389648438,17.8799991607666,17.489999771118164,17.600000381469727,14000,B,17.719999542236327
2013-11-06,17.59000015258789,18.38999938964844,17.530000686645508,17.600000381469727,93900,S,17.909999618530275
2013-11-14,17.969999313354492,18.0,17.969999313354492,18.0,7500,B,17.979999771118162
2013-11-18,20.0,21.549999237060547,19.96999931335449,20.0,47200,S,18.01
2013-11-25,19.989999771118164,20.0,19.700000762939453,19.700000762939453,16400,B,19.92000030517578
2013-11-29,19.25,19.700000762939453,19.25,19.700000762939453,1500,S,19.430000076293947
2013-12-04,19.450000762939453,19.489999771118164,19.200000762939453,19.290000915527344,16000,B,19.280000915527342
2013-12-12,18.700000762939453,19.399999618530277,18.700000762939453,19.399999618530277,33600,S,19.01
2013-12-18,19.5,19.5,19.149999618530277,19.200000762939453,28700,B,19.289999237060545
2014-01-15,15.850000381469728,16.149999618530273,15.850000381469728,15.899999618530272,2700,S,16.01
2014-01-17,15.800000190734863,15.899999618530272,15.699999809265137,15.699999809265137,6100,B,15.840000381469729
2014-01-21,15.979999542236328,15.979999542236328,15.699999809265137,15.850000381469728,6200,S,15.909999618530271
2014-01-23,15.899999618530272,15.899999618530272,15.5,15.5,3700,B,15.689999809265137
2014-01-28,15.68000030517578,15.770000457763672,15.3100004196167,15.3100004196167,9500,S,15.650000343322754
2014-01-29,15.5600004196167,15.5600004196167,15.300000190734863,15.399999618530272,16600,B,15.3000004196167
2014-02-03,15.34000015258789,15.390000343322754,15.149999618530272,15.149999618530272,3300,S,15.379999885559082
2014-02-04,15.149999618530272,15.25,15.010000228881836,15.010000228881836,5600,B,15.08000015258789
2014-02-06,15.109999656677246,15.75,15.109999656677246,15.260000228881836,5100,S,15.26
2014-02-17,15.8100004196167,15.850000381469728,15.600000381469728,15.600000381469728,36100,B,15.929999580383301
2014-02-19,15.619999885559082,15.989999771118164,15.619999885559082,15.699999809265137,30000,S,15.860000381469728
2014-02-24,15.75,15.75,15.210000038146973,15.210000038146973,3200,B,15.679999580383301
2014-02-27,15.59000015258789,15.600000381469728,15.25,15.25,1200,S,15.520000228881836
2014-03-07,16.0,16.0,15.449999809265137,15.449999809265137,3200,B,15.939999809265137
2014-03-13,15.539999961853027,16.0,15.539999961853027,15.6899995803833,14900,S,15.560000190734863
2014-03-17,15.5,15.5,15.25,15.25,6000,B,15.49
2014-03-20,15.359999656677246,15.739999771118164,15.359999656677246,15.6899995803833,6300,S,15.560000190734863
2014-03-21,15.550000190734863,15.550000190734863,15.350000381469728,15.350000381469728,7200,B,15.349999656677246
2014-03-24,15.390000343322754,16.09000015258789,15.390000343322754,15.90999984741211,5000,S,15.749999771118164
2014-04-08,16.6200008392334,16.649999618530273,16.559999465942383,16.559999465942383,19400,B,16.590000381469725
2014-04-15,15.600000381469728,15.880000114440918,15.600000381469728,15.649999618530272,5800,S,15.749999771118164
2014-04-17,15.649999618530272,15.649999618530272,15.5600004196167,15.649999618530272,33400,B,15.590000381469729
2014-04-23,15.739999771118164,15.770000457763672,15.699999809265137,15.75,11700,S,15.720000038146972
2014-04-25,15.710000038146973,15.800000190734863,15.609999656677246,15.779999732971191,7200,B,15.689999809265137
2014-04-30,15.699999809265137,15.800000190734863,15.600000381469728,15.6899995803833,38400,S,15.789999732971191
2014-05-02,15.600000381469728,15.779999732971191,15.510000228881836,15.6899995803833,9000,B,15.590000381469729
2014-05-05,15.75,15.989999771118164,15.75,15.779999732971191,26700,S,15.810000190734863
2014-05-12,15.859999656677246,15.859999656677246,15.779999732971191,15.84000015258789,69000,B,15.779999961853028
2014-05-14,15.829999923706056,16.639999389648438,15.829999923706056,16.600000381469727,125300,S,15.890000114440918
2014-05-21,16.049999237060547,16.049999237060547,15.850000381469728,16.0,2800,B,15.979999771118164
2014-05-30,15.75,15.779999732971191,15.039999961853027,15.5,19700,S,15.76
2014-06-02,15.5,15.760000228881836,15.020000457763672,15.25,12200,B,15.029999961853028
2014-06-11,15.5,15.899999618530272,15.25,15.65999984741211,125200,S,15.470000038146972
2014-06-18,15.65999984741211,15.789999961853027,15.100000381469728,15.649999618530272,78000,B,15.460000267028809
2014-07-01,15.5,15.789999961853027,15.399999618530272,15.6899995803833,8200,S,15.560000190734863
2014-07-04,15.59000015258789,15.6899995803833,15.399999618530272,15.6899995803833,3700,B,15.49
2014-07-17,15.020000457763672,15.09000015258789,14.970000267028809,15.09000015258789,7600,S,15.07999969482422
2014-07-18,15.06999969482422,15.06999969482422,14.850000381469728,15.0,6300,B,14.889999618530272
2014-07-29,14.859999656677246,14.989999771118164,14.859999656677246,14.899999618530272,7600,S,14.91999984741211
2014-07-31,14.880000114440918,14.949999809265137,14.75,14.949999809265137,49000,B,14.840000381469729
2014-08-05,14.899999618530272,15.0,14.859999656677246,14.989999771118164,37800,S,14.959999809265137
2014-08-13,14.989999771118164,14.989999771118164,14.869999885559082,14.979999542236328,33300,B,14.979999771118164
2014-08-14,14.970000267028809,15.09000015258789,14.859999656677246,14.899999618530272,9900,S,15.060000190734863
2014-08-22,15.199999809265137,15.199999809265137,15.06999969482422,15.199999809265137,19100,B,15.069999923706057
2014-08-25,15.18000030517578,15.220000267028809,15.109999656677246,15.220000267028809,15800,S,15.209999809265137
2014-09-01,15.289999961853027,15.350000381469728,15.199999809265137,15.279999732971191,67300,B,15.210000267028809
2014-09-03,15.34000015258789,15.449999809265137,15.300000190734863,15.43000030517578,111000,S,15.360000381469728
2014-09-09,16.1200008392334,16.1200008392334,15.4399995803833,15.4399995803833,28100,B,15.540000190734863
2014-09-26,14.869999885559082,15.039999961853027,14.850000381469728,14.960000038146973,7400,S,15.01
2014-09-29,14.800000190734863,15.029999732971191,14.75,15.0,5900,B,14.840000381469729
2014-10-06,15.020000457763672,15.0600004196167,14.779999732971191,14.829999923706056,30300,S,14.959999809265137
2014-10-10,14.850000381469728,14.850000381469728,14.720000267028809,14.720000267028809,4400,B,14.790000190734863
2014-10-14,14.890000343322754,14.899999618530272,14.880000114440918,14.880000114440918,1500,S,14.900000343322754
2014-10-16,14.600000381469728,14.600000381469728,14.470000267028809,14.470000267028809,13000,B,14.779999961853028
2014-10-22,14.5,14.5,14.260000228881836,14.390000343322754,27000,S,14.369999656677246
2014-10-27,14.0,14.09000015258789,13.949999809265137,14.09000015258789,4300,B,14.189999809265137
2014-10-31,14.25,14.359999656677246,14.239999771118164,14.260000228881836,9600,S,14.360000381469728
2014-11-04,14.25,14.380000114440918,13.850000381469728,14.050000190734863,20200,B,14.14999984741211
2014-11-07,13.600000381469728,14.149999618530272,12.619999885559082,13.800000190734863,97500,S,14.110000381469728
2014-11-17,14.15999984741211,14.15999984741211,13.800000190734863,13.8100004196167,16000,B,14.090000381469729
2014-11-18,13.970000267028809,14.539999961853027,13.960000038146973,14.399999618530272,13100,S,14.180000076293943
2014-11-26,14.529999732971191,14.550000190734863,14.109999656677246,14.199999809265137,8300,B,14.290000190734863
2014-11-28,14.550000190734863,14.6899995803833,14.399999618530272,14.600000381469728,75000,S,14.560000190734863
2014-12-02,14.489999771118164,14.5,14.270000457763672,14.300000190734863,280090,B,14.389999618530272
2014-12-08,14.09000015258789,14.329999923706056,14.09000015258789,14.199999809265137,1500,S,14.280000457763672
2014-12-11,14.25,14.25,13.789999961853027,13.949999809265137,6200,B,14.090000381469729
2014-12-16,13.899999618530272,14.199999809265137,13.899999618530272,14.100000381469728,6800,S,14.01
2014-12-22,14.25,14.289999961853027,14.100000381469728,14.100000381469728,9500,B,14.189999809265137
2014-12-23,14.300000190734863,14.300000190734863,14.210000038146973,14.300000190734863,37600,S,14.299999961853027
2015-01-05,14.59000015258789,14.59000015258789,13.9399995803833,13.979999542236328,31400,B,14.49
2015-01-13,13.420000076293944,13.979999542236328,13.25,13.979999542236328,9000,S,13.6999995803833
2015-01-19,14.5,14.5,14.0,14.0,4500,B,14.290000190734863
2015-01-22,14.199999809265137,14.34000015258789,13.420000076293944,14.09000015258789,9200,S,14.209999809265137
2015-01-23,13.770000457763672,13.989999771118164,13.100000381469728,13.890000343322754,4900,B,13.410000076293944
2015-01-29,13.09000015258789,13.170000076293944,13.09000015258789,13.170000076293944,700,S,13.020000228881836
2015-02-10,13.3100004196167,13.59000015258789,13.3100004196167,13.59000015258789,500,B,13.49
2015-02-18,13.31999969482422,13.489999771118164,13.229999542236328,13.229999542236328,2500,S,13.310000190734863
2015-02-19,13.100000381469728,13.149999618530272,13.0600004196167,13.149999618530272,800,B,13.090000381469729
2015-02-24,13.380000114440918,13.699999809265137,13.380000114440918,13.649999618530272,8600,S,13.470000038146972
2015-03-02,13.800000190734863,14.0,13.229999542236328,13.260000228881836,14200,B,13.689999809265137
2015-03-06,13.199999809265137,13.300000190734863,13.0600004196167,13.279999732971191,5900,S,13.299999961853027
2015-03-12,13.390000343322754,13.470000267028809,13.15999984741211,13.399999618530272,6500,B,13.24
2015-03-16,13.199999809265137,13.800000190734863,13.199999809265137,13.800000190734863,2000,S,13.480000267028808
2015-03-26,13.399999618530272,13.699999809265137,13.399999618530272,13.6899995803833,4800,B,13.630000343322754
2015-03-27,13.649999618530272,13.770000457763672,13.4399995803833,13.4399995803833,2100,S,13.720000038146972
2015-04-07,19.0,19.0,18.649999618530277,18.899999618530277,9200,B,18.789999237060545
2015-04-09,18.989999771118164,19.209999084472656,18.90999984741211,19.200000762939453,245600,S,19.01
2015-04-15,19.34000015258789,19.34000015258789,19.0,19.149999618530277,11900,B,19.19000076293945
2015-04-17,19.450000762939453,19.450000762939453,19.3700008392334,19.420000076293945,79600,S,19.40999961853028
2015-04-29,20.700000762939453,20.8799991607666,20.399999618530277,20.8799991607666,130700,B,20.54999946594238
2015-04-30,20.88999938964844,21.049999237060547,20.799999237060547,20.799999237060547,190700,S,20.97999931335449
2015-05-04,16.860000610351562,17.059999465942383,16.799999237060547,16.799999237060547,36700,B,20.389999618530275
2015-05-11,16.799999237060547,17.299999237060547,16.799999237060547,17.020000457763672,68800,S,16.860000381469728
2015-05-14,17.3799991607666,17.3799991607666,16.6299991607666,16.75,51600,B,16.889999618530272
2015-05-22,15.989999771118164,16.0,15.720000267028809,16.0,22500,S,15.900000343322754
2015-05-26,15.710000038146973,15.710000038146973,15.300000190734863,15.3100004196167,8300,B,15.510000457763672
2015-05-29,15.359999656677246,15.800000190734863,15.350000381469728,15.710000038146973,45500,S,15.320000419616699
2015-06-03,15.210000038146973,15.210000038146973,15.130000114440918,15.199999809265137,9400,B,15.389999618530272
2015-06-12,14.289999961853027,14.789999961853027,14.289999961853027,14.789999961853027,5800,S,14.409999618530271
2015-06-18,14.300000190734863,14.489999771118164,14.239999771118164,14.329999923706056,5200,B,14.590000381469729
2015-06-22,14.5,14.979999542236328,14.239999771118164,14.239999771118164,44500,S,14.499999771118164
2015-06-23,14.3100004196167,14.350000381469728,14.079999923706056,14.109999656677246,30700,B,14.229999771118164
2015-06-26,14.149999618530272,14.149999618530272,14.079999923706056,14.149999618530272,6800,S,14.119999656677246
2015-06-29,14.199999809265137,14.25,14.0,14.039999961853027,9000,B,14.069999923706057
2015-06-30,14.239999771118164,14.630000114440918,13.850000381469728,14.470000267028809,38300,S,14.26
2015-07-06,14.75,14.949999809265137,14.399999618530272,14.800000190734863,11700,B,14.49
2015-07-13,14.800000190734863,14.800000190734863,14.6899995803833,14.699999809265137,3200,S,14.780000457763672
2015-07-14,14.699999809265137,14.710000038146973,14.510000228881836,14.710000038146973,8600,B,14.540000190734863
2015-07-29,13.56999969482422,14.050000190734863,13.56999969482422,14.0,21100,S,13.76
2015-07-30,14.0,14.0,13.460000038146973,13.550000190734863,13500,B,13.510000457763672
2015-08-11,13.630000114440918,13.850000381469728,13.449999809265137,13.550000190734863,51000,S,13.6999995803833
2015-08-12,13.449999809265137,13.640000343322754,13.399999618530272,13.550000190734863,14700,B,13.410000076293944
2015-08-31,10.510000228881836,12.75,10.399999618530272,12.75,41500,S,11.19000030517578
2015-09-18,13.25,13.25,12.880000114440918,12.989999771118164,3500,B,13.14999984741211
2015-09-25,12.1899995803833,12.199999809265137,11.789999961853027,12.0600004196167,48100,S,12.1999995803833
2015-09-28,11.800000190734863,11.800000190734863,11.350000381469728,11.350000381469728,4500,B,11.42000030517578
2015-10-01,11.600000381469728,11.84000015258789,11.550000190734863,11.84000015258789,16700,S,11.680000076293943
2015-10-08,11.800000190734863,11.899999618530272,11.550000190734863,11.5600004196167,29000,B,11.8000004196167
2015-10-15,11.550000190734863,11.75,11.550000190734863,11.699999809265137,2300,S,11.709999809265137
2015-10-26,13.0,13.010000228881836,12.510000228881836,12.75,9000,B,12.689999809265137
2015-10-30,12.300000190734863,12.739999771118164,12.220000267028809,12.739999771118164,7400,S,12.539999732971191
2015-11-13,13.710000038146973,13.800000190734863,12.869999885559082,13.5,11900,B,13.49
2015-11-25,12.300000190734863,12.399999618530272,12.119999885559082,12.350000381469728,6200,S,12.239999542236328
2015-11-27,12.289999961853027,12.300000190734863,11.970000267028809,12.109999656677246,63200,B,12.010000457763672
2015-12-14,10.800000190734863,10.800000190734863,10.0,10.119999885559082,14300,S,10.51
2015-12-15,10.3100004196167,10.369999885559082,9.779999732971191,9.949999809265137,47100,B,9.99
2015-12-22,9.449999809265137,9.9399995803833,9.449999809265137,9.699999809265137,6100,S,9.76
2015-12-30,10.25,10.25,9.920000076293944,9.989999771118164,9300,B,9.939999809265137
2016-01-15,8.4399995803833,8.850000381469727,8.430000305175781,8.739999771118164,8300,S,8.799999961853027
2016-01-21,8.600000381469727,8.770000457763672,8.600000381469727,8.600000381469727,4600,B,8.609999885559082
2016-01-26,8.699999809265137,9.4399995803833,8.699999809265137,8.880000114440918,19000,S,8.789999732971191
2016-02-12,9.8100004196167,9.960000038146973,9.8100004196167,9.960000038146973,6300,B,9.80999969482422
2016-02-16,10.010000228881836,10.399999618530272,10.010000228881836,10.260000228881836,12700,S,10.060000190734863
2016-02-24,10.710000038146973,11.0,10.65999984741211,11.0,7600,B,10.74
2016-02-26,11.130000114440918,11.149999618530272,10.890000343322754,10.899999618530272,4100,S,11.039999732971191
2016-02-29,10.800000190734863,11.010000228881836,10.670000076293944,11.010000228881836,6200,B,10.790000190734863
2016-03-01,11.100000381469728,11.220000267028809,10.800000190734863,10.90999984741211,17300,S,11.159999618530271
2016-03-04,11.289999961853027,11.529999732971191,10.800000190734863,10.81999969482422,36300,B,10.8000004196167
2016-03-09,11.399999618530272,11.949999809265137,11.399999618530272,11.949999809265137,49300,S,11.379999885559082
2016-03-15,12.350000381469728,12.350000381469728,11.399999618530272,11.399999618530272,25800,B,12.590000381469729
2016-03-21,11.369999885559082,11.880000114440918,11.369999885559082,11.800000190734863,14500,S,11.810000190734863
2016-03-24,11.460000038146973,11.789999961853027,11.460000038146973,11.649999618530272,12500,B,11.58000015258789
2016-03-28,11.699999809265137,12.289999961853027,11.649999618530272,12.0,17300,S,12.26
2016-04-04,12.630000114440918,12.630000114440918,12.5,12.5,9900,B,12.590000381469729
2016-04-08,12.359999656677246,12.390000343322754,12.100000381469728,12.300000190734863,40300,S,12.150000343322754
2016-04-18,12.5,12.6899995803833,12.300000190734863,12.5,19700,B,12.590000381469729
2016-04-26,12.609999656677246,12.880000114440918,12.5,12.8100004196167,32300,S,12.709999809265137
2016-05-02,12.0,12.09000015258789,11.90999984741211,11.90999984741211,27100,B,12.89999984741211
2016-05-11,11.869999885559082,11.869999885559082,11.649999618530272,11.739999771118164,15400,S,11.76
2016-05-23,11.850000381469728,11.979999542236328,11.850000381469728,11.979999542236328,700,B,11.89999984741211
2016-05-31,12.0,12.399999618530272,12.0,12.199999809265137,27600,S,12.07999969482422
2016-06-10,12.0600004196167,12.100000381469728,11.949999809265137,12.010000228881836,47800,B,12.14999984741211
2016-06-17,11.890000343322754,11.989999771118164,11.869999885559082,11.989999771118164,2000,S,11.959999809265137
2016-07-05,13.699999809265137,13.989999771118164,12.989999771118164,13.029999732971191,64700,B,13.189999809265137
2016-07-08,13.199999809265137,13.449999809265137,13.140000343322754,13.420000076293944,6500,S,13.339999923706056
2016-07-12,13.649999618530272,13.649999618530272,13.0,13.300000190734863,42400,B,13.130000343322754
2016-07-15,13.579999923706056,14.100000381469728,13.539999961853027,14.0,78300,S,13.60000015258789
2016-07-25,16.1200008392334,16.1200008392334,15.529999732971191,16.0,8900,B,15.599999656677246
2016-08-05,15.420000076293944,15.720000267028809,15.420000076293944,15.720000267028809,13700,S,15.499999771118164
2016-08-10,15.800000190734863,15.850000381469728,15.5,15.5,7400,B,15.500000228881836
2016-08-15,15.81999969482422,15.81999969482422,15.800000190734863,15.81999969482422,1500,S,15.799999961853027
2016-08-16,15.81999969482422,15.81999969482422,14.050000190734863,14.300000190734863,63100,B,15.49
2016-09-02,13.600000381469728,14.199999809265137,13.579999923706056,14.199999809265137,14800,S,13.909999618530271
2016-09-08,14.199999809265137,14.380000114440918,14.06999969482422,14.149999618530272,34200,B,14.139999618530272
2016-09-14,13.760000228881836,14.100000381469728,13.760000228881836,14.100000381469728,15200,S,14.01
2016-09-19,14.18000030517578,14.25,13.979999542236328,14.0,27500,B,13.979999771118164
2016-09-22,14.0,14.15999984741211,14.0,14.079999923706056,8700,S,14.020000228881836
2016-09-27,14.109999656677246,14.109999656677246,14.0,14.109999656677246,4300,B,14.08000015258789
2016-09-28,14.119999885559082,14.25,14.119999885559082,14.18000030517578,800,S,14.209999809265137
2016-09-29,14.18000030517578,14.18000030517578,13.920000076293944,13.920000076293944,7600,B,13.99
2016-10-03,13.920000076293944,14.1899995803833,13.899999618530272,14.149999618530272,8800,S,14.19000030517578
2016-10-13,14.100000381469728,14.18000030517578,13.960000038146973,13.960000038146973,4200,B,13.969999542236328
2016-10-21,13.899999618530272,13.899999618530272,13.81999969482422,13.81999969482422,15300,S,13.810000190734863
2016-10-31,14.0,14.0,13.869999885559082,13.869999885559082,19800,B,13.889999618530272
2016-11-07,13.5,13.979999542236328,13.489999771118164,13.649999618530272,21400,S,13.780000457763672
2016-11-08,13.640000343322754,13.640000343322754,13.40999984741211,13.539999961853027,2500,B,13.439999809265137
2016-11-14,12.800000190734863,13.619999885559082,12.75,13.539999961853027,10400,S,13.430000076293943
2016-11-30,14.399999618530272,14.5,14.010000228881836,14.40999984741211,19600,B,14.380000343322754
2016-12-05,14.199999809265137,14.5,14.010000228881836,14.010000228881836,4800,S,14.41999984741211
2016-12-06,14.140000343322754,14.289999961853027,13.789999961853027,14.289999961853027,8700,B,14.000000228881836
2016-12-13,14.0,14.300000190734863,13.899999618530272,14.25,1700,S,14.129999885559082
2016-12-19,14.1899995803833,14.1899995803833,13.949999809265137,13.949999809265137,1400,B,13.960000267028809
2016-12-22,14.050000190734863,14.1899995803833,14.050000190734863,14.1899995803833,3300,S,14.180000076293943
2017-01-09,16.270000457763672,16.549999237060547,16.270000457763672,16.450000762939453,21000,B,16.289999237060545
2017-01-10,16.459999084472656,16.610000610351562,16.399999618530273,16.459999084472656,15500,S,16.55999923706055
2017-01-20,18.200000762939453,18.200000762939453,17.639999389648438,17.790000915527344,10100,B,18.090000381469725
2017-01-26,17.530000686645508,18.200000762939453,17.530000686645508,17.809999465942383,14100,S,17.780000457763673
2017-02-02,18.010000228881836,18.010000228881836,17.850000381469727,17.850000381469727,13200,B,17.99
2017-02-13,17.549999237060547,17.989999771118164,17.549999237060547,17.899999618530273,7900,S,17.76
2017-03-01,19.489999771118164,19.76000022888184,19.479999542236328,19.709999084472656,3700,B,19.680000534057616
2017-03-03,19.649999618530277,19.8700008392334,19.649999618530277,19.8700008392334,4600,S,19.77000022888184
2017-03-09,19.90999984741211,20.350000381469727,19.90999984741211,20.350000381469727,600,B,19.99
2017-03-13,20.799999237060547,20.950000762939453,20.020000457763672,20.25,23300,S,20.55999923706055
2017-03-14,20.520000457763672,20.520000457763672,19.93000030517578,20.170000076293945,4900,B,20.01000045776367
2017-03-24,18.15999984741211,20.32999992370605,18.15999984741211,20.0,144100,S,19.05999923706055
2017-03-29,20.0,20.0,19.01000022888184,19.030000686645508,27600,B,19.99
2017-04-04,18.82999992370605,18.82999992370605,18.3799991607666,18.399999618530277,1300,S,18.70000053405762
2017-04-05,18.25,18.299999237060547,18.190000534057617,18.25,9700,B,18.280000915527342
2017-04-10,18.100000381469727,18.100000381469727,17.899999618530273,18.07999992370605,1200,S,18.050000915527345
2017-04-13,18.040000915527344,18.07999992370605,17.5,17.5,3100,B,17.99
2017-04-17,17.510000228881836,18.489999771118164,17.510000228881836,18.489999771118164,4000,S,18.110000381469728
2017-04-20,17.799999237060547,17.829999923706055,17.760000228881836,17.799999237060547,1100,B,17.780000915527342
2017-04-28,17.5,17.950000762939453,17.5,17.889999389648438,40200,S,17.659999618530275
2017-05-04,17.420000076293945,17.700000762939453,17.420000076293945,17.459999084472656,800,B,17.44000076293945
2017-05-15,16.530000686645508,16.979999542236328,16.530000686645508,16.75,3400,S,16.80999923706055
2017-05-18,16.15999984741211,18.09000015258789,16.15999984741211,17.520000457763672,50300,B,17.70999931335449
2017-05-24,17.690000534057617,18.149999618530277,17.690000534057617,18.13999938964844,13500,S,17.770000228881838
2017-05-31,18.420000076293945,18.96999931335449,18.420000076293945,18.96999931335449,1100,B,18.699999084472655
2017-06-01,19.049999237060547,19.06999969482422,18.200000762939453,18.200000762939453,3400,S,18.97999931335449
2017-06-07,18.5,19.600000381469727,18.450000762939453,19.5,27500,B,18.469999542236327
2017-06-12,19.399999618530277,19.600000381469727,19.0,19.0,10500,S,19.550000915527345
2017-06-13,19.200000762939453,19.280000686645508,18.90999984741211,18.90999984741211,2900,B,18.99
2017-06-28,17.739999771118164,18.049999237060547,17.649999618530273,17.799999237060547,9200,S,18.050000915527345
2017-06-29,17.799999237060547,18.0,17.540000915527344,18.0,12200,B,17.559999694824217
2017-07-03,18.0,18.06999969482422,17.84000015258789,18.06999969482422,5000,S,18.01
2017-07-25,21.81999969482422,21.81999969482422,21.030000686645508,21.11000061035156,3700,B,21.289999237060545
2017-07-31,19.96999931335449,20.1200008392334,19.649999618530277,20.1200008392334,5900,S,20.030000457763673
2017-08-07,20.90999984741211,21.0,20.520000457763672,20.649999618530277,6700,B,20.54999946594238
2017-08-11,20.01000022888184,20.700000762939453,20.01000022888184,20.690000534057617,3200,S,20.030000457763673
2017-08-18,20.5,20.5,19.5,20.15999984741211,8400,B,20.459999313354487
2017-08-22,20.399999618530277,21.63999938964844,20.399999618530277,21.299999237060547,17400,S,20.51
2017-08-31,21.649999618530277,22.600000381469727,21.450000762939453,22.600000381469727,20800,B,22.37999938964844
2017-09-01,22.790000915527344,23.0,22.700000762939453,22.850000381469727,6200,S,22.65999961853028
2017-09-05,22.149999618530277,22.280000686645508,21.71999931335449,22.149999618530277,4500,B,22.06999992370605
2017-09-06,22.149999618530277,22.690000534057617,22.049999237060547,22.149999618530277,11600,S,22.639999160766603
2017-09-11,22.049999237060547,22.5,22.049999237060547,22.21999931335449,4800,B,22.059999694824217
2017-09-15,22.57999992370605,23.0,21.100000381469727,21.100000381469727,18600,S,22.07999969482422
2017-09-26,21.700000762939453,22.450000762939453,21.100000381469727,21.25,26200,B,21.42000030517578
2017-09-29,20.399999618530277,21.489999771118164,20.309999465942383,21.489999771118164,6900,S,21.210000762939455
2017-10-05,21.950000762939453,22.0,21.0,21.0,15700,B,21.229999771118162
2017-10-10,21.31999969482422,21.950000762939453,21.31999969482422,21.790000915527344,4200,S,21.649999389648443
2017-10-13,21.01000022888184,21.049999237060547,20.979999542236328,21.020000457763672,2600,B,21.110000839233397
2017-10-16,21.299999237060547,21.86000061035156,21.299999237060547,21.5,13700,S,21.249999771118166
2017-10-17,21.5,21.88999938964844,20.96999931335449,21.5,10400,B,20.969999542236327
2017-10-25,21.020000457763672,21.209999084472656,20.850000381469727,21.18000030517578,8000,S,21.15999961853028
2017-10-27,20.86000061035156,20.8799991607666,19.81999969482422,19.81999969482422,16700,B,20.840000381469725
2017-11-06,20.040000915527344,20.040000915527344,19.850000381469727,19.850000381469727,6700,S,19.819999465942384
2017-11-07,19.649999618530277,19.790000915527344,19.489999771118164,19.790000915527344,2800,B,19.74
2017-11-16,19.200000762939453,19.399999618530277,18.799999237060547,18.809999465942383,45200,S,19.15999961853028
2017-11-17,18.850000381469727,19.200000762939453,18.770000457763672,19.0,35000,B,18.789999237060545
2017-11-21,19.299999237060547,19.309999465942383,18.950000762939453,18.950000762939453,5200,S,19.210000762939455
2017-11-28,20.25,20.25,19.11000061035156,19.26000022888184,28600,B,19.54999946594238
2017-12-01,19.25,19.700000762939453,19.200000762939453,19.700000762939453,5800,S,19.51
2017-12-06,20.01000022888184,20.01000022888184,19.88999938964844,20.01000022888184,6700,B,19.889999618530275
2017-12-12,19.51000022888184,23.96999931335449,19.51000022888184,23.96999931335449,37300,S,19.8800008392334
2017-12-18,22.5,23.5,22.5,22.979999542236328,25400,B,22.6199991607666
2017-12-20,26.5,27.3799991607666,25.989999771118164,27.0,288200,S,23.51
2017-12-26,27.0,27.100000381469727,26.86000061035156,27.0,16900,B,26.99
2018-01-08,26.75,26.989999771118164,26.700000762939453,26.989999771118164,26800,S,26.90999961853028
2018-01-18,26.75,26.75,26.700000762939453,26.700000762939453,4800,B,26.709999313354487
2018-01-22,26.88999938964844,26.989999771118164,26.850000381469727,26.989999771118164,46700,S,26.899999389648443
2018-01-24,26.799999237060547,26.799999237060547,26.75,26.799999237060547,13500,B,26.840000381469725
2018-01-26,26.700000762939453,27.100000381469727,26.700000762939453,26.850000381469727,9900,S,26.80999923706055
2018-02-01,27.0,27.01000022888184,26.8799991607666,26.8799991607666,3200,B,26.99
2018-02-07,26.549999237060547,26.799999237060547,26.549999237060547,26.799999237060547,400,S,26.76
2018-02-09,26.520000457763672,26.690000534057617,26.520000457763672,26.690000534057617,2300,B,26.539999237060545
2018-02-16,26.8700008392334,26.88999938964844,26.420000076293945,26.420000076293945,1800,S,26.710000762939455
2018-02-27,26.549999237060547,26.86000061035156,26.549999237060547,26.86000061035156,3400,B,26.559999694824217
2018-02-28,26.8700008392334,26.8700008392334,26.549999237060547,26.8700008392334,4600,S,26.87000061035156
2018-03-14,26.61000061035156,26.61000061035156,26.549999237060547,26.549999237060547,13300,B,26.860000839233397
2018-03-16,26.600000381469727,26.8799991607666,26.299999237060547,26.59000015258789,6300,S,26.62000061035156
2018-03-26,26.600000381469727,26.780000686645508,26.5,26.780000686645508,3900,B,26.56999992370605
2018-03-27,26.770000457763672,27.0,26.51000022888184,26.8799991607666,7300,S,26.79000068664551
2018-03-28,26.799999237060547,26.96999931335449,26.40999984741211,26.950000762939453,1900,B,26.49
2018-04-04,26.5,26.850000381469727,26.31999969482422,26.770000457763672,16300,S,26.430000076293947
2018-04-13,27.0,27.1299991607666,26.549999237060547,27.1299991607666,4800,B,26.76000045776367
2018-04-18,27.100000381469727,28.0,27.100000381469727,27.290000915527344,15500,S,27.139999160766603
2018-05-02,29.100000381469727,29.100000381469727,28.020000457763672,28.63999938964844,17100,B,28.49
2018-05-04,28.8799991607666,30.01000022888184,28.530000686645508,29.790000915527344,7100,S,29.110000381469728
2018-05-14,32.189998626708984,35.29999923706055,32.189998626708984,34.72999954223633,26100,B,32.78999923706055
2018-05-28,31.100000381469727,32.0,29.399999618530277,30.100000381469727,30200,S,31.999999771118166
2018-05-30,31.989999771118164,31.989999771118164,29.100000381469727,30.88999938964844,9700,B,29.389999618530275
2018-06-08,28.600000381469727,30.5,28.299999237060547,29.850000381469727,8400,S,29.710000762939455
2018-06-14,29.25,29.479999542236328,28.25,29.190000534057617,20900,B,28.99
2018-06-21,27.989999771118164,28.5,27.8799991607666,28.5,2800,S,28.48999954223633
2018-06-26,28.38999938964844,28.399999618530277,28.200000762939453,28.36000061035156,7400,B,28.37999938964844
2018-06-29,28.5,30.100000381469727,28.049999237060547,28.5,20100,S,28.51
2018-07-02,28.190000534057617,28.68000030517578,28.0,28.0,2200,B,28.039999237060545
2018-07-05,28.350000381469727,29.299999237060547,28.350000381469727,29.149999618530277,2000,S,28.51
2018-07-13,28.25,29.06999969482422,28.200000762939453,28.450000762939453,12800,B,29.06999992370605
2018-07-20,29.46999931335449,29.46999931335449,28.26000022888184,29.229999542236328,4100,S,28.80999923706055
2018-07-26,29.1299991607666,29.399999618530277,28.799999237060547,28.989999771118164,1600,B,29.000000228881838
2018-07-31,28.700000762939453,29.5,28.700000762939453,29.5,4100,S,29.30999923706055
2018-08-13,30.0,30.690000534057617,30.0,30.559999465942383,3400,B,30.69000076293945
2018-08-21,28.0,28.149999618530277,28.0,28.149999618530277,400,S,28.01
2018-08-22,28.190000534057617,29.5,27.75,29.5,5900,B,27.979999771118162
2018-08-27,29.780000686645508,29.799999237060547,29.399999618530277,29.690000534057617,3900,S,29.51
2018-09-05,30.51000022888184,30.51000022888184,29.280000686645508,29.280000686645508,7800,B,29.99
2018-09-12,29.489999771118164,30.5,29.489999771118164,30.5,11500,S,30.29000068664551
2018-09-17,30.0,30.5,29.0,29.26000022888184,10200,B,30.000000228881838
2018-09-19,29.709999084472656,30.75,29.5,30.57999992370605,4700,S,30.51
2018-09-24,29.700000762939453,29.940000534057617,29.200000762939453,29.200000762939453,5500,B,29.99
2018-09-26,29.450000762939453,30.5,29.0,30.40999984741211,8000,S,29.95000053405762
2018-10-01,30.600000381469727,30.950000762939453,30.309999465942383,30.899999618530277,1200,B,30.539999237060545
2018-10-02,31.5,31.850000381469727,30.190000534057617,30.190000534057617,7100,S,31.40999961853028
2018-10-03,30.059999465942383,32.38999938964844,30.0,30.700000762939453,11100,B,30.180000534057616
2018-10-08,33.0,34.689998626708984,32.869998931884766,33.47999954223633,17400,S,31.48999954223633
2018-10-19,35.810001373291016,35.9900016784668,34.58000183105469,35.4900016784668,14700,B,34.690000762939455
2018-10-22,37.79999923706055,37.79999923706055,36.25,36.95000076293945,3300,S,36.000001678466795
2018-10-29,38.7599983215332,38.9900016784668,37.0,37.0,5700,B,37.49
2018-10-30,37.5,39.5099983215332,37.5,39.43999862670898,25200,S,39.000001678466795
2018-11-13,41.0,42.0,41.0,42.0,700,B,41.690000762939455
2018-11-27,41.0,42.0,40.54999923706055,42.0,22200,S,41.51
2018-11-30,41.119998931884766,41.900001525878906,41.02999877929688,41.40999984741211,2500,B,41.99
2018-12-04,41.0,42.0,40.04999923706055,42.0,7900,S,41.910001525878904
2018-12-13,41.15999984741211,42.0,41.150001525878906,42.0,1400,B,41.74
2018-12-17,41.58000183105469,44.0,41.58000183105469,44.0,19600,S,42.01
2019-01-21,58.9900016784668,58.9900016784668,57.970001220703125,58.0,5100,B,57.99
2019-02-06,54.0099983215332,56.34999847412109,54.0,56.34999847412109,3900,S,54.66999984741211
2019-02-11,53.72999954223633,53.72999954223633,53.70000076293945,53.70000076293945,3100,B,54.58999847412109
2019-02-12,53.70000076293945,55.400001525878906,53.02000045776367,55.400001525878906,1800,S,55.01
2019-02-14,53.5,53.79999923706055,52.70000076293945,52.70000076293945,8000,B,53.010000457763674
2019-02-26,51.02000045776367,53.0,51.02000045776367,53.0,900,S,51.71000076293945
2019-03-07,54.09999847412109,54.09999847412109,52.52999877929688,52.52999877929688,600,B,54.780000915527346
2019-03-12,52.02999877929688,54.9900016784668,51.04999923706055,54.9900016784668,4300,S,52.53999877929688
2019-03-15,52.0,52.0,51.209999084472656,51.209999084472656,1000,B,51.89000152587891
2019-03-22,51.70000076293945,52.45000076293945,51.70000076293945,52.45000076293945,1300,S,51.71000076293945
2019-04-02,52.0099983215332,52.15999984741211,50.52000045776367,52.15999984741211,4700,B,52.35999893188477
2019-04-08,51.0,51.68999862670898,50.709999084472656,50.709999084472656,1800,S,51.309999237060545
2019-04-09,50.45000076293945,50.45000076293945,50.0,50.0,4900,B,50.69999908447266
2019-04-18,47.52000045776367,50.43000030517578,47.52000045776367,50.0,5000,S,48.46000076293945
2019-04-24,49.209999084472656,49.209999084472656,47.0,47.0,8500,B,49.19999908447266
2019-04-26,49.790000915527344,50.0,49.02999877929688,50.0,1600,S,49.809999237060545
2019-04-30,48.59999847412109,48.59999847412109,47.0,47.0,3600,B,48.99
2019-05-06,48.5,49.400001525878906,47.02999877929688,48.7599983215332,3000,S,48.410001525878904
2019-05-13,49.5,49.5,48.75,49.5,2000,B,49.78999923706055
2019-05-20,48.150001525878906,49.5,47.0,49.5,4000,S,49.01
2019-05-23,47.52000045776367,47.52000045776367,45.459999084472656,45.459999084472656,2200,B,47.49
2019-05-27,46.52999877929688,47.70000076293945,46.5,47.70000076293945,1200,S,47.53000045776367
2019-06-03,52.27999877929688,52.27999877929688,50.25,50.25,25100,B,52.24
2019-06-05,52.97999954223633,52.9900016784668,52.97999954223633,52.9900016784668,400,S,52.809999237060545
2019-06-07,51.70000076293945,52.5,51.70000076293945,52.5,1400,B,52.96999954223633
2019-06-17,49.5,50.29999923706055,49.0,49.95000076293945,3900,S,49.820001373291014
2019-06-18,49.0099983215332,50.04999923706055,47.5,47.5099983215332,13700,B,48.99
2019-06-24,47.709999084472656,49.5,47.709999084472656,49.5,1900,S,48.820001373291014
2019-06-28,51.5099983215332,52.0,49.40999984741211,49.5,10500,B,50.7300016784668
2019-07-16,46.5,46.97999954223633,43.04999923706055,43.45000076293945,78300,S,46.809999237060545
2019-07-26,45.5,45.79999923706055,45.5,45.79999923706055,500,B,45.87999938964844
2019-07-30,46.0099983215332,46.47999954223633,46.0099983215332,46.47999954223633,200,S,46.30000091552734
2019-08-05,47.0099983215332,47.09999847412109,45.79999923706055,45.79999923706055,2100,B,46.519998779296884
2019-08-07,46.119998931884766,47.68000030517578,46.119998931884766,47.68000030517578,1200,S,47.109998474121085
2019-08-09,46.209999084472656,46.310001373291016,45.79999923706055,45.93000030517578,2800,B,46.10999893188477
2019-08-14,46.36000061035156,46.36000061035156,45.0,45.0,700,S,46.01
2019-08-15,45.29999923706055,45.9900016784668,44.9900016784668,45.9900016784668,2300,B,44.99
2019-08-16,46.59000015258789,46.59000015258789,46.22999954223633,46.22999954223633,300,S,46.37000061035156
2019-08-19,46.0,46.59999847412109,44.54999923706055,46.59999847412109,1700,B,44.9800016784668
2019-08-28,45.79999923706055,45.79999923706055,45.79999923706055,45.79999923706055,400,S,45.359998474121085
2019-09-02,45.209999084472656,45.209999084472656,43.900001525878906,43.900001525878906,2600,B,45.96999954223633
2019-09-04,44.29999923706055,45.400001525878906,44.0099983215332,45.400001525878906,3500,S,45.219999084472654
2019-09-11,44.5099983215332,44.5099983215332,42.43000030517578,42.75,13200,B,44.99
2019-09-17,44.09999847412109,44.09999847412109,43.0,43.0,1600,S,44.01
2019-09-23,42.310001373291016,43.59000015258789,42.310001373291016,43.59000015258789,2200,B,43.05999969482422
2019-09-25,42.77999877929688,45.79999923706055,42.5,45.0,4900,S,43.60000015258789
2019-09-30,44.5099983215332,45.0,43.09999847412109,43.09999847412109,6400,B,43.58999847412109
2019-10-10,41.70000076293945,42.20000076293945,41.54999923706055,42.0,2200,S,42.01
2019-10-16,43.290000915527344,43.290000915527344,43.290000915527344,43.290000915527344,200,B,43.32000183105469
2019-10-18,41.5099983215332,44.209999084472656,41.5099983215332,44.09999847412109,8200,S,43.30000091552734
2019-10-23,42.5099983215332,42.5099983215332,41.720001220703125,41.720001220703125,4200,B,42.49
2019-10-31,40.0099983215332,40.5,39.9900016784668,39.9900016784668,2700,S,40.410001525878904
2019-11-01,40.0,40.65999984741211,39.68000030517578,39.93999862670898,4100,B,39.9800016784668
2019-11-06,39.900001525878906,42.20000076293945,39.5,42.20000076293945,2200,S,40.109998474121085
2019-11-08,39.5099983215332,39.5099983215332,38.0099983215332,38.2599983215332,21300,B,39.49
2019-11-14,36.400001525878906,38.29999923706055,36.34999847412109,38.29999923706055,6100,S,36.910001525878904
2019-12-11,50.59000015258789,50.650001525878906,49.33000183105469,50.25,6400,B,50.33999847412109
2019-12-17,49.79999923706055,50.119998931884766,49.79999923706055,49.79999923706055,3900,S,50.0199983215332
2019-12-18,49.790000915527344,49.790000915527344,47.9900016784668,47.9900016784668,5100,B,49.78999923706055
2019-12-20,49.880001068115234,50.0,49.310001373291016,50.0,2700,S,49.80000091552734
2020-01-02,50.02000045776367,51.0,50.02000045776367,51.0,1700,B,50.64000152587891
2020-01-06,49.86000061035156,51.040000915527344,49.810001373291016,51.040000915527344,1700,S,51.01
2020-01-21,53.11000061035156,53.40999984741211,51.130001068115234,51.130001068115234,47200,B,51.780000915527346
2020-01-23,52.970001220703125,53.5,52.970001220703125,53.0,1000,S,53.41999984741211
2020-01-30,54.34999847412109,56.79999923706055,54.34999847412109,55.0,5100,B,54.49
2020-02-05,54.54999923706055,54.880001068115234,54.0099983215332,54.79999923706055,15600,S,54.01
2020-02-07,54.5,54.5,53.970001220703125,54.47999954223633,12000,B,53.999998321533205
2020-02-11,55.0,55.5,54.41999816894531,55.5,1200,S,54.51
2020-02-26,55.2400016784668,57.5,54.0,57.5,8000,B,59.33999847412109
2020-03-03,58.90999984741211,62.5,58.900001525878906,59.84999847412109,22400,S,60.000001678466795
2020-03-05,58.709999084472656,59.0,57.25,59.0,8800,B,58.89000152587891
2020-03-20,44.0,44.0,40.25,42.0,6400,S,43.109998474121085
2020-03-23,41.5,41.5,37.0099983215332,38.4900016784668,18600,B,39.010000457763674
2020-03-25,41.0,44.0,41.0,43.9900016784668,3500,S,41.51
2020-03-30,42.02999877929688,46.0,42.02999877929688,46.0,1800,B,42.19999908447266
2020-03-31,46.0,47.0,45.18000030517578,46.29999923706055,1300,S,46.01
2020-04-03,44.0,44.0,42.0099983215332,43.0,3600,B,45.4800016784668
2020-04-13,36.9900016784668,38.5,36.59999847412109,38.5,4200,S,38.500001678466795
2020-04-16,38.20000076293945,38.20000076293945,36.0,36.09999847412109,25200,B,37.510000457763674
2020-04-22,37.0099983215332,38.09999847412109,37.0099983215332,37.81999969482422,2300,S,37.739999542236326
2020-04-24,37.5,37.5,35.040000915527344,35.79999923706055,12200,B,36.780000915527346
2020-04-28,36.75,37.79999923706055,35.720001220703125,37.79999923706055,6800,S,37.51
2020-05-04,36.75,38.2400016784668,36.41999816894531,37.83000183105469,7400,B,36.749998321533205
2020-05-05,37.209999084472656,40.400001525878906,37.209999084472656,40.38999938964844,78600,S,38.250001678466795
2020-05-13,40.75,40.75,38.470001220703125,38.5,12200,B,38.80999969482422
2020-05-18,39.75,42.29999923706055,39.18999862670898,42.29999923706055,11700,S,39.500001678466795
2020-06-12,50.9900016784668,51.0,48.75,50.79999923706055,13800,B,50.999998321533205
2020-06-15,49.27999877929688,54.790000915527344,49.27999877929688,52.9900016784668,42000,S,53.51
2020-06-22,51.27000045776367,53.5,51.27000045776367,52.0,2400,B,51.85999893188477
2020-06-26,51.630001068115234,54.5,51.630001068115234,52.9900016784668,11000,S,53.489999542236326
2020-06-30,52.75,53.5,50.619998931884766,53.5,23800,B,51.620001068115236
2020-07-02,51.220001220703125,54.2400016784668,50.79999923706055,54.0,710900,S,53.51
2020-07-09,60.25,60.869998931884766,59.25,59.97999954223633,10100,B,59.99
2020-07-17,58.09999847412109,60.25,58.0,60.25,4100,S,59.01
2020-07-22,59.4900016784668,59.4900016784668,57.5099983215332,57.5099983215332,7100,B,57.99
2020-08-03,53.900001525878906,54.65999984741211,53.59999847412109,54.54999923706055,33600,S,54.48000122070312
2020-08-05,54.650001525878906,54.66999816894531,53.5,54.66999816894531,4000,B,53.58999847412109
2020-08-06,54.59999847412109,56.0,54.04999923706055,56.0,3600,S,54.910001525878904
2020-08-12,56.5,58.0,54.20000076293945,55.72999954223633,6900,B,54.99
2020-08-18,54.43000030517578,56.79999923706055,54.43000030517578,56.79999923706055,3600,S,55.5199983215332
2020-08-25,56.29999923706055,56.29999923706055,54.31999969482422,55.0099983215332,2200,B,55.190000762939455
2020-08-28,55.650001525878906,56.97999954223633,55.650001525878906,56.97999954223633,4100,S,56.28000045776367
2020-09-01,55.900001525878906,56.9900016784668,55.27999877929688,56.84999847412109,2900,B,55.64000152587891
2020-09-08,55.63999938964844,57.0,55.63999938964844,57.0,2000,S,56.96000076293945
2020-09-10,56.70000076293945,56.70000076293945,54.31999969482422,54.58000183105469,442700,B,55.62999938964844
2020-09-29,53.0,53.66999816894531,52.900001525878906,53.0,3900,S,53.46000076293945
2020-09-30,53.63999938964844,53.63999938964844,52.79999923706055,52.810001373291016,3500,B,52.89000152587891
2020-10-02,53.09999847412109,54.0,52.959999084472656,54.0,19500,S,53.649999389648436
2020-10-06,53.29999923706055,53.29999923706055,52.70000076293945,52.70000076293945,12600,B,52.94999908447266
2020-10-08,53.0,53.33000183105469,53.0,53.0,3300,S,53.309999237060545
2020-10-14,53.0,53.13999938964844,52.75,52.900001525878906,12100,B,52.78999923706055
2020-10-15,52.59999847412109,53.34999847412109,52.59999847412109,53.34000015258789,6800,S,53.199998626708975
2020-10-19,52.5,52.9900016784668,52.220001220703125,52.2599983215332,8800,B,52.58999847412109
2020-10-21,52.68000030517578,53.310001373291016,52.25,52.25,19900,S,53.000001678466795
2020-10-27,52.31999969482422,52.31999969482422,52.31999969482422,52.31999969482422,200,B,52.499998321533205
2020-11-03,52.47999954223633,52.47999954223633,50.0,50.369998931884766,4000,S,51.76
2020-11-09,50.900001525878906,50.97999954223633,50.02000045776367,50.97999954223633,8800,B,50.33999847412109
2020-11-10,50.970001220703125,51.29999923706055,50.970001220703125,51.29999923706055,1400,S,50.989999542236326
2020-11-13,50.7599983215332,51.290000915527344,50.4900016784668,50.4900016784668,3900,B,50.99
2020-11-23,51.4900016784668,51.4900016784668,50.70000076293945,51.09999847412109,1700,S,50.87000061035156
2020-12-10,52.52999877929688,52.59999847412109,51.93999862670898,51.93999862670898,14500,B,52.190000762939455
2020-12-14,52.95000076293945,52.9900016784668,52.310001373291016,52.310001373291016,700,S,52.609998474121085
2020-12-16,52.4900016784668,52.75,52.040000915527344,52.25,2600,B,52.30000137329102
2020-12-17,52.75,52.9900016784668,52.25,52.5099983215332,2200,S,52.76
2020-12-21,52.2599983215332,52.2599983215332,51.0,51.79999923706055,17000,B,52.24
2020-12-23,51.790000915527344,52.97999954223633,51.61000061035156,52.75,5700,S,52.44000030517578
2021-01-04,56.0,56.0,53.540000915527344,53.540000915527344,6000,B,54.690000762939455
2021-01-07,53.52999877929688,54.5,52.83000183105469,53.900001525878906,9400,S,53.559999237060545
2021-01-18,56.63999938964844,56.63999938964844,55.33000183105469,55.560001373291016,2700,B,55.49
2021-01-29,52.900001525878906,52.9900016784668,51.72999954223633,52.0,2600,S,52.359998474121085
2021-02-04,55.0099983215332,55.38999938964844,52.29999923706055,52.29999923706055,13000,B,54.03999923706055
2021-02-09,53.790000915527344,53.790000915527344,53.0,53.5,5000,S,53.399999389648436
2021-02-10,53.5,53.709999084472656,51.75,51.75,3900,B,52.28999923706055
2021-02-17,52.70000076293945,53.400001525878906,52.70000076293945,53.400001525878906,1400,S,53.399999389648436
2021-02-22,52.0,52.0,50.5,50.5,10200,B,52.78999923706055
2021-02-24,52.0,52.20000076293945,51.13999938964844,51.400001525878906,3100,S,52.01
2021-02-25,50.66999816894531,51.02999877929688,48.13999938964844,49.06999969482422,11100,B,50.78999923706055
2021-03-04,47.68999862670898,48.79999923706055,46.88999938964844,46.88999938964844,9400,S,48.51
2021-03-09,47.61000061035156,47.61000061035156,46.86000061035156,47.0,2200,B,47.190000762939455
2021-03-10,46.61000061035156,51.77000045776367,46.61000061035156,49.9900016784668,3400,S,48.01
2021-03-23,57.70000076293945,57.790000915527344,57.0,57.5,3100,B,57.690000762939455
2021-03-25,57.119998931884766,59.0,57.119998931884766,58.880001068115234,19700,S,57.910001525878904
2021-04-01,58.0099983215332,58.65999984741211,57.29999923706055,57.75,22700,B,57.58999847412109
2021-04-05,58.0,62.9900016784668,58.0,61.5099983215332,28300,S,59.250001678466795
2021-04-12,61.77000045776367,62.09999847412109,60.59999847412109,60.59999847412109,4100,B,61.760000457763674
2021-04-14,62.380001068115234,62.380001068115234,60.650001525878906,60.650001525878906,3100,S,62.109998474121085
2021-05-06,65.4800033569336,65.4800033569336,63.54999923706055,63.54999923706055,5600,B,64.15000366210937
2021-05-10,68.0199966430664,70.98999786376953,67.41000366210938,67.98999786376953,15200,S,65.4900033569336
2021-05-13,67.75,67.98999786376953,66.41000366210938,67.98999786376953,3100,B,66.99
2021-05-14,69.0,70.0,68.01000213623047,68.01000213623047,3700,S,69.13999725341797
2021-05-18,68.88999938964844,68.88999938964844,67.0,67.08999633789062,4700,B,67.71000122070312
2021-05-21,67.75,68.02999877929688,65.7300033569336,66.01000213623047,3700,S,67.74999786376954
2021-05-27,69.0,69.0,67.04000091552734,67.04000091552734,8200,B,67.99
2021-06-01,69.83000183105469,70.25,69.19999694824219,69.98999786376953,1700,S,68.76
2021-06-07,70.48999786376953,70.48999786376953,67.68000030517578,69.80999755859375,4900,B,69.99
2021-06-10,69.62000274658203,70.9800033569336,69.62000274658203,70.69999694824219,1000,S,70.49999786376954
2021-06-14,71.9800033569336,71.9800033569336,69.5199966430664,70.0,4500,B,69.61000274658203
2021-06-23,68.44000244140625,71.0,68.44000244140625,69.98999786376953,7100,S,70.38999725341797
2021-06-24,69.95999908447266,69.95999908447266,67.75,68.9000015258789,1700,B,68.43000244140624
2021-06-30,69.5,69.5,68.0,68.0,7100,S,69.31000305175782
2021-07-07,70.25,70.25,69.0,69.0,5700,B,69.00000213623046
2021-07-12,70.5,70.5,70.0,70.0,800,S,70.26
2021-07-14,70.0,70.0,69.9000015258789,70.0,6000,B,69.99
2021-07-15,70.5,70.5,69.51000213623047,69.80000305175781,16500,S,70.01
2021-07-19,69.5999984741211,69.76000213623047,69.0,69.0,8400,B,69.50000213623046
2021-07-20,69.08999633789062,77.36000061035156,68.38999938964844,75.0,21600,S,70.01
2021-07-27,72.45999908447266,73.51000213623047,72.45999908447266,73.51000213623047,18600,B,74.2599966430664
2021-07-29,73.12000274658203,74.5,70.01000213623047,73.25,10100,S,74.23000122070313
2021-08-10,76.20999908447266,78.26000213623047,76.0,78.26000213623047,50400,B,76.49
2021-08-11,77.73999786376953,78.77999877929688,75.26000213623047,76.5999984741211,8100,S,78.49999786376954
2021-08-13,75.72000122070312,76.0,75.0199966430664,75.0199966430664,2900,B,75.25000213623046
2021-08-26,68.05999755859375,70.38999938964844,68.05999755859375,68.80000305175781,3600,S,69.01
2021-09-02,68.80000305175781,69.38999938964844,68.75,69.0,1000,B,69.3900015258789
2021-09-06,68.51000213623047,70.30000305175781,68.51000213623047,70.30000305175781,4900,S,69.98000122070313
2021-09-08,69.41999816894531,69.5,65.55000305175781,67.0,9000,B,68.01999877929687
2021-09-13,68.98999786376953,70.87999725341797,68.0,70.87999725341797,2600,S,68.95000244140626
2021-09-16,69.20999908447266,69.20999908447266,67.76000213623047,68.79000091552734,2300,B,68.74
2021-09-22,70.05000305175781,71.0,70.0,71.0,1500,S,69.01
2021-09-24,69.9000015258789,70.0,69.3499984741211,69.3499984741211,500,B,69.99
2021-10-05,68.31999969482422,70.0,67.0,70.0,1000,S,68.51
2021-10-19,69.7699966430664,69.7699966430664,66.66999816894531,68.97000122070312,5100,B,68.97999786376953
2021-10-20,69.29000091552734,70.19999694824219,68.01000213623047,70.19999694824219,1700,S,69.77999664306641
2021-10-22,68.87000274658203,69.91000366210938,66.86000061035156,66.88999938964844,5800,B,67.00000213623046
2021-10-27,69.45999908447266,69.5,69.45999908447266,69.45999908447266,600,S,69.48000122070313
2021-10-29,68.88999938964844,68.88999938964844,67.01000213623047,68.0,6800,B,69.44999908447265
2021-11-04,64.77999877929688,67.88999938964844,64.75,67.5,43000,S,67.51
2021-11-16,69.44000244140625,71.94000244140625,68.5999984741211,71.5,11700,B,69.07000183105468
2021-11-23,69.68000030517578,71.0,69.27999877929688,70.30000305175781,14100,S,70.01
2021-11-26,70.0,70.19999694824219,69.36000061035156,70.19999694824219,2500,B,70.49
2021-11-29,71.48999786376953,71.5,70.1500015258789,70.1500015258789,63400,S,70.8599984741211
2021-11-30,70.1500015258789,70.1500015258789,68.7699966430664,69.25,7200,B,69.35000061035156
2021-12-02,71.69000244140625,72.0,71.0,72.0,8000,S,70.51
2021-12-08,75.76000213623047,76.0,74.0999984741211,75.27999877929688,6900,B,74.29999755859374
2021-12-09,76.9800033569336,76.9800033569336,74.19999694824219,75.79000091552734,4600,S,76.92000366210938
2021-12-10,75.0,75.0,73.61000061035156,73.61000061035156,1700,B,74.08999847412109
2021-12-20,73.80000305175781,75.66999816894531,71.88999938964844,71.88999938964844,88200,S,75.01
2021-12-21,70.88999938964844,71.0,69.06999969482422,69.06999969482422,10100,B,71.87999938964843
2021-12-29,68.7699966430664,68.7699966430664,67.5,67.69000244140625,9200,S,68.70999694824219
2022-01-03,68.98999786376953,68.98999786376953,67.26000213623047,68.0,4600,B,67.49
2022-01-19,65.05999755859375,65.08999633789062,64.5,65.0,16800,S,64.80000091552735
2022-01-21,64.5199966430664,65.0,64.37000274658203,64.9800033569336,12000,B,64.49
2022-01-28,64.4000015258789,65.79000091552734,63.560001373291016,65.0,6100,S,64.53999877929688
2022-02-03,65.0,65.79000091552734,64.18000030517578,65.5999984741211,2900,B,65.04000305175781
2022-02-10,65.69999694824219,65.69999694824219,65.69000244140625,65.69999694824219,900,S,64.20000244140626
2022-02-18,64.66000366210938,65.25,64.44999694824219,65.25,4700,B,64.90000366210937
2022-02-21,66.48999786376953,66.48999786376953,64.11000061035156,65.0,8900,S,65.39999938964844
2022-02-23,65.05000305175781,65.05000305175781,63.619998931884766,64.80000305175781,2700,B,64.10000061035156
2022-03-03,64.88999938964844,64.88999938964844,62.79999923706055,64.25,3700,S,64.6099984741211
2022-03-10,63.95000076293945,63.95000076293945,62.0,63.43999862670898,9100,B,63.190000762939455
2022-03-11,63.43999862670898,64.79000091552734,63.29999923706055,63.31999969482422,3400,S,64.38000274658204
2022-03-14,63.83000183105469,64.9000015258789,61.29999923706055,61.7599983215332,10800,B,61.99
2022-03-18,61.380001068115234,62.36000061035156,61.380001068115234,62.0,800,S,62.01
2022-03-23,64.11000061035156,64.11000061035156,62.0,62.09999847412109,3000,B,62.49
2022-03-30,63.52000045776367,63.52000045776367,61.11000061035156,62.0099983215332,4900,S,63.01
2022-03-31,60.61000061035156,61.4900016784668,60.61000061035156,60.97999954223633,3500,B,61.100000610351564
2022-04-11,58.900001525878906,60.29999923706055,58.34000015258789,58.34000015258789,3500,S,59.80000091552734
2022-04-12,58.220001220703125,58.59000015258789,56.970001220703125,58.59000015258789,5100,B,58.33000015258789
2022-04-18,57.220001220703125,59.790000915527344,57.209999084472656,58.97999954223633,5300,S,59.01
2022-04-22,57.540000915527344,58.470001220703125,57.25,57.40999984741211,2300,B,57.32000183105469
2022-04-27,58.290000915527344,60.04999923706055,57.790000915527344,57.790000915527344,4900,S,58.35000015258789
2022-04-28,58.150001525878906,58.150001525878906,57.0,57.02000045776367,2900,B,57.49
2022-05-04,53.130001068115234,54.77000045776367,53.08000183105469,54.77000045776367,2900,S,54.590001831054686
2022-05-06,53.63999938964844,53.63999938964844,52.880001068115234,53.0,1600,B,53.07000183105469
2022-05-11,52.959999084472656,54.0,52.52000045776367,52.9900016784668,900,S,52.92999816894531
2022-05-31,61.150001525878906,61.150001525878906,59.0,59.0,8500,B,59.49
2022-06-24,56.79999923706055,57.459999084472656,56.09999847412109,56.38999938964844,13800,S,57.19000030517578
2022-07-01,57.18999862670898,57.18999862670898,55.15999984741211,56.70000076293945,7600,B,56.49
2022-07-08,55.34999847412109,56.34000015258789,55.0,55.0,3500,S,55.379998931884764
2022-07-11,54.5,54.5,53.72999954223633,53.7599983215332,2600,B,53.999998321533205
2022-07-18,52.0,52.93999862670898,51.90999984741211,51.90999984741211,3800,S,52.660001525878904
2022-07-22,53.369998931884766,53.369998931884766,51.75,51.75,4200,B,51.99
2022-07-29,52.90999984741211,53.5,52.0,53.5,9200,S,52.590001831054686
2022-08-03,52.7400016784668,55.7400016784668,52.5,55.7400016784668,8000,B,52.69999908447266
2022-08-04,56.09000015258789,57.31999969482422,55.5,57.27000045776367,6100,S,55.750001678466795
2022-08-09,56.36000061035156,56.45000076293945,55.5,56.45000076293945,3600,B,55.760000457763674
2022-08-11,56.65999984741211,57.59000015258789,56.65999984741211,57.59000015258789,2200,S,56.69000030517578
2022-08-19,61.709999084472656,62.0,61.70000076293945,62.0,2500,B,62.49
2022-08-23,63.20000076293945,63.20000076293945,62.02999877929688,62.02999877929688,2200,S,62.699998626708975
2022-08-24,61.290000915527344,61.900001525878906,60.75,61.900001525878906,2800,B,61.69999908447266
2022-09-16,57.02999877929688,59.59000015258789,55.0099983215332,55.0099983215332,25100,S,57.91999984741211
2022-09-23,59.0,59.66999816894531,58.93000030517578,59.02000045776367,2000,B,58.940000762939455
2022-09-28,58.310001373291016,59.2400016784668,57.81999969482422,57.81999969482422,2800,S,59.03000045776367
2022-09-29,57.70000076293945,58.68999862670898,57.70000076293945,58.68999862670898,900,B,57.80999969482422
2022-10-03,58.970001220703125,60.650001525878906,58.970001220703125,60.13999938964844,6800,S,59.199998626708975
2022-10-05,59.470001220703125,59.470001220703125,58.0,58.220001220703125,5800,B,58.78999923706055
2022-10-10,58.52999877929688,60.0,57.84000015258789,60.0,8500,S,59.059999237060545
2022-10-17,57.88999938964844,59.77999877929688,57.869998931884766,58.0099983215332,3000,B,58.89000152587891
2022-10-24,59.540000915527344,59.540000915527344,59.47999954223633,59.4900016784668,1800,S,59.51
2022-10-26,59.0,59.0,58.369998931884766,58.369998931884766,4400,B,59.440000762939455
2022-10-28,58.95000076293945,59.04999923706055,58.95000076293945,59.04999923706055,200,S,59.01
2022-10-31,58.77000045776367,59.470001220703125,58.310001373291016,59.18000030517578,3200,B,58.58999847412109
2022-11-01,59.54999923706055,60.0,59.29999923706055,59.9900016784668,8600,S,59.48000122070312
2022-11-04,59.310001373291016,59.9900016784668,58.90999984741211,58.90999984741211,6400,B,59.28999923706055
2022-11-11,54.68000030517578,59.88999938964844,54.68000030517578,59.88999938964844,3800,S,58.989999542236326
2022-11-16,55.79999923706055,55.9900016784668,54.0,55.9900016784668,2300,B,54.67000030517578
2022-11-18,54.150001525878906,56.77999877929688,53.5,55.0,9400,S,56.01
2022-11-24,55.540000915527344,56.4900016784668,54.08000183105469,56.43999862670898,4800,B,54.260000457763674
2022-11-25,56.0,58.5,54.70000076293945,58.5,5000,S,57.309999237060545
2022-12-01,57.5099983215332,58.7599983215332,57.5,58.7599983215332,1600,B,57.510000457763674
2022-12-19,53.18000030517578,54.97999954223633,53.18000030517578,54.97999954223633,4400,S,54.000001678466795
2022-12-22,55.79999923706055,55.970001220703125,53.63999938964844,53.63999938964844,5900,B,54.96000122070313
2022-12-26,56.25,56.2599983215332,54.040000915527344,54.83000183105469,5100,S,55.98000122070312
2022-12-27,55.459999084472656,56.290000915527344,54.02000045776367,56.290000915527344,800,B,54.030000915527346
2022-12-28,56.22999954223633,56.29999923706055,55.02000045776367,56.29999923706055,3200,S,56.30000091552734
2023-01-02,53.83000183105469,54.38999938964844,53.70000076293945,53.70000076293945,5400,B,55.010000457763674
2023-01-06,53.119998931884766,53.630001068115234,53.0,53.0,1000,S,52.949998626708975
2023-01-10,52.88999938964844,53.09000015258789,52.40999984741211,53.09000015258789,2200,B,52.89000152587891
2023-01-16,52.959999084472656,52.9900016784668,52.29999923706055,52.5,6600,S,52.989999542236326
2023-01-17,52.56999969482422,52.84000015258789,52.220001220703125,52.29999923706055,10200,B,52.28999923706055
2023-01-19,52.900001525878906,54.4900016784668,52.45000076293945,53.29999923706055,19600,S,52.910001525878904
2023-01-25,52.900001525878906,52.93999862670898,52.209999084472656,52.2400016784668,6200,B,52.71000122070313
2023-01-27,53.18999862670898,53.25,52.59999847412109,52.59999847412109,2600,S,53.000001678466795
2023-01-30,53.4900016784668,53.5,52.20000076293945,52.20000076293945,8400,B,52.46999954223633
2023-01-31,52.75,53.810001373291016,52.560001373291016,52.560001373291016,1300,S,53.51
2023-02-02,52.22999954223633,52.4900016784668,51.560001373291016,51.709999084472656,5400,B,52.249998321533205
2023-02-16,50.4900016784668,50.59999847412109,49.790000915527344,49.790000915527344,1000,S,50.51
2023-02-17,49.77000045776367,50.0,49.59999847412109,49.59999847412109,2700,B,49.780000915527346
2023-02-24,50.04999923706055,51.54999923706055,49.61000061035156,49.61000061035156,2400,S,50.01
2023-03-01,49.77000045776367,50.0,49.220001220703125,49.220001220703125,3900,B,49.58999847412109
2023-03-13,48.810001373291016,49.88999938964844,48.810001373291016,49.04999923706055,5800,S,49.60000015258789
2023-03-16,49.27000045776367,49.27000045776367,48.61000061035156,48.72999954223633,2400,B,48.89000152587891
2023-03-20,48.77999877929688,49.41999816894531,48.77999877929688,49.36000061035156,900,S,49.28000045776367
2023-03-22,49.33000183105469,49.33000183105469,48.7599983215332,48.7599983215332,1700,B,48.769998779296884
2023-03-28,49.47999954223633,50.560001373291016,48.150001525878906,50.29999923706055,4300,S,48.98000122070312
2023-04-03,48.5099983215332,49.959999084472656,48.5099983215332,49.29999923706055,2500,B,49.53999923706055
