Date,Open,High,Low,Close,Volume,RSI2,buy_sell,price
2011-03-18,23.09000015258789,23.09000015258789,22.549999237060547,22.549999237060547,98500,23.23562901225698,B,22.549999237060547
2011-03-22,23.059999465942383,23.239999771118164,22.899999618530277,23.100000381469727,19400,70.97192907195225,S,23.100000152587892
2011-03-31,22.76000022888184,23.0,22.600000381469727,22.75,118700,23.199905622889887,B,22.75
2011-04-06,22.979999542236328,22.979999542236328,22.5,22.5,84700,16.73896935608593,S,22.8800008392334
2011-04-25,23.899999618530277,24.38999938964844,23.799999237060547,24.09000015258789,22700,13.381645718324506,B,24.09000015258789
2011-05-02,24.200000762939453,25.0,24.200000762939453,24.71999931335449,245400,92.12499376391133,S,24.499999771118166
2011-05-05,24.5,24.5,24.299999237060547,24.299999237060547,3200,15.508129877883263,B,24.299999237060547
2011-05-06,24.59000015258789,25.0,24.34000015258789,24.899999618530277,26000,80.72294536751757,S,24.76
2011-05-23,25.11000061035156,25.11000061035156,24.5,24.799999237060547,87000,13.059851933225062,B,24.799999237060547
2011-05-26,24.739999771118164,25.38999938964844,24.600000381469727,24.600000381469727,32300,7.418792479538595,S,25.30999923706055
2011-05-27,24.739999771118164,24.75,24.26000022888184,24.450000762939453,10400,2.990319466343294,B,24.450000762939453
2011-05-31,24.75,25.989999771118164,24.3700008392334,25.989999771118164,570000,93.67058792531394,S,24.76
2011-06-03,24.209999084472656,24.46999931335449,23.899999618530277,24.229999542236328,88100,23.8201172906073,B,24.229999542236328
2011-06-07,24.309999465942383,24.65999984741211,24.299999237060547,24.399999618530277,53200,53.17021993269476,S,24.51
2011-06-16,24.899999618530277,25.0,24.059999465942383,24.5,32500,20.448827142646735,B,24.5
2011-06-28,22.200000762939453,22.200000762939453,21.81999969482422,22.0,54200,15.049333603162594,S,22.0
2011-06-29,22.030000686645508,22.399999618530277,21.350000381469727,21.350000381469727,36300,4.014252086938882,B,21.350000381469727
2011-07-01,21.43000030517578,22.82999992370605,20.88999938964844,22.82999992370605,128800,85.34617717277426,S,22.40999961853028
2011-07-08,23.07999992370605,23.1200008392334,23.0,23.049999237060547,8500,20.071445255465846,B,23.049999237060547
2011-07-12,22.600000381469727,24.06999969482422,22.5,23.75,69400,75.53086086303236,S,23.1300008392334
2011-07-18,23.26000022888184,23.989999771118164,23.200000762939453,23.299999237060547,153500,20.319364137899868,B,23.299999237060547
2011-07-26,22.0,22.600000381469727,21.959999084472656,22.25,48000,53.9512461021805,S,22.51
2011-07-27,22.25,22.25,21.100000381469727,21.100000381469727,44300,12.915757230267928,B,21.100000381469727
2011-08-01,21.559999465942383,22.450000762939453,21.11000061035156,21.75,23400,78.0957454336842,S,21.51
2011-08-03,21.299999237060547,21.299999237060547,19.739999771118164,19.739999771118164,379600,8.409157638483762,B,19.739999771118164
2011-08-10,17.979999542236328,19.0,17.979999542236328,18.209999084472656,147100,63.77029666123168,S,18.97999931335449
2011-09-13,22.040000915527344,22.040000915527344,21.8799991607666,21.8799991607666,166900,23.292927377271127,B,21.8799991607666
2011-09-15,21.5,22.799999237060547,21.5,22.0,316800,49.49978250593233,S,22.30999923706055
2011-09-20,22.200000762939453,22.520000457763672,21.299999237060547,21.299999237060547,124600,17.70998564645214,B,21.299999237060547
2011-09-26,20.0,20.76000022888184,19.559999465942383,20.030000686645508,119600,50.3502679675904,S,20.280000457763673
2011-09-28,20.100000381469727,20.100000381469727,19.18000030517578,19.649999618530277,100000,20.21698789877088,B,19.649999618530277
2011-09-30,19.0,20.399999618530277,19.0,19.0,78600,3.8653656185180267,S,20.37000061035156
2011-10-04,19.209999084472656,19.209999084472656,18.200000762939453,18.299999237060547,287600,8.671835412034739,B,18.299999237060547
2011-10-10,18.51000022888184,19.25,18.51000022888184,19.200000762939453,121900,89.78473775806326,S,18.77000022888184
2011-11-09,22.520000457763672,22.520000457763672,21.950000762939453,22.020000457763672,37900,16.448968678317343,B,22.020000457763672
2011-11-11,22.59000015258789,23.6299991607666,22.229999542236328,23.100000381469727,77700,85.11080836725964,S,22.530000457763673
2011-11-18,22.989999771118164,22.989999771118164,22.21999931335449,22.21999931335449,5600,18.164893783362146,B,22.21999931335449
2011-11-24,21.75,23.0,21.549999237060547,22.700000762939453,14700,76.81768330213998,S,22.66999984741211
2011-12-08,23.57999992370605,23.82999992370605,22.850000381469727,23.0,8300,11.92110661812653,B,23.0
2011-12-09,23.290000915527344,24.18000030517578,22.63999938964844,22.709999084472656,12300,8.080218177990872,S,24.12000061035156
2011-12-14,22.700000762939453,22.76000022888184,21.850000381469727,22.600000381469727,52000,22.004193961088532,B,22.600000381469727
2011-12-16,22.88999938964844,23.479999542236328,22.76000022888184,22.799999237060547,161300,58.12347646682656,S,22.77000022888184
2011-12-22,24.290000915527344,24.299999237060547,22.61000061035156,22.780000686645508,110300,19.906950864441015,B,22.780000686645508
2011-12-27,24.36000061035156,24.36000061035156,23.850000381469727,24.01000022888184,14700,78.85145125642583,S,24.30999923706055
2011-12-29,23.600000381469727,24.5,23.200000762939453,23.200000762939453,65200,21.498205390620825,B,23.200000762939453
2012-01-06,23.75,24.38999938964844,23.59000015258789,24.38999938964844,21900,93.7263069269923,S,23.899999389648443
2012-01-27,27.170000076293945,27.170000076293945,26.520000457763672,26.75,61000,24.572853631721898,B,26.75
2012-01-31,27.290000915527344,29.5,26.96999931335449,29.239999771118164,264800,94.1615615010389,S,27.55999923706055
2012-02-08,29.399999618530277,30.0,28.600000381469727,28.600000381469727,252200,22.875463677511192,B,28.600000381469727
2012-02-13,29.799999237060547,30.46999931335449,29.020000457763672,30.0,107800,86.8386214679806,S,30.01
2012-02-27,32.29999923706055,32.38999938964844,30.700000762939453,31.11000061035156,229100,21.235273256873043,B,31.11000061035156
2012-02-28,31.18000030517578,32.75,31.1299991607666,31.799999237060547,146400,58.40925992954379,S,32.399999389648436
2012-03-01,32.02000045776367,32.060001373291016,29.75,30.0,547000,12.588598046882367,B,30.0
2012-03-12,29.040000915527344,31.0,28.86000061035156,30.0,5764500,91.49499528067294,S,29.999999771118166
2012-03-20,30.6200008392334,30.93000030517578,30.01000022888184,30.26000022888184,239300,24.589224520275906,B,30.26000022888184
2012-03-22,29.799999237060547,31.88999938964844,29.799999237060547,31.01000022888184,223200,84.66987742774276,S,30.940000305175783
2012-03-29,33.029998779296875,33.060001373291016,30.899999618530277,31.299999237060547,732800,11.997413038761977,B,31.299999237060547
2012-04-02,32.27000045776367,33.189998626708984,31.940000534057617,33.04999923706055,134300,74.14019883271312,S,33.070001373291014
2012-04-10,32.4900016784668,32.5,31.309999465942383,32.150001525878906,161200,12.54495067882766,B,32.150001525878906
2012-04-17,30.799999237060547,31.280000686645508,30.40999984741211,30.40999984741211,140700,17.91148820415077,S,31.27000022888184
2012-04-23,30.450000762939453,30.71999931335449,30.09000015258789,30.32999992370605,59300,17.293429848809453,B,30.32999992370605
2012-04-27,30.31999969482422,30.31999969482422,29.5,29.899999618530277,153100,48.54531296150609,S,30.29000068664551
2012-05-02,29.979999542236328,29.979999542236328,29.149999618530277,29.149999618530277,138800,10.883273495343687,B,29.149999618530277
2012-05-08,28.809999465942383,29.0,28.270000457763672,28.989999771118164,360900,68.34769050694732,S,28.930000076293947
2012-05-09,28.82999992370605,28.93000030517578,28.350000381469727,28.5,181900,22.98952403674879,B,28.5
2012-05-18,25.799999237060547,26.13999938964844,25.479999542236328,25.850000381469727,283100,43.834828491290416,S,25.850000381469727
2012-06-06,28.790000915527344,28.8799991607666,27.75,28.100000381469727,70300,18.62981454825794,B,28.100000381469727
2012-06-11,27.600000381469727,29.0,27.36000061035156,27.36000061035156,337400,4.94499495429632,S,28.889999160766603
2012-06-22,29.440000534057617,29.440000534057617,28.5,28.5,88100,19.529313179990353,B,28.5
2012-06-28,27.81999969482422,28.36000061035156,27.31999969482422,28.200000762939453,75700,66.12860249761698,S,28.319999465942384
2012-07-12,30.350000381469727,30.51000022888184,29.6200008392334,30.38999938964844,209000,10.773874126460754,B,30.38999938964844
2012-07-19,30.299999237060547,31.399999618530277,29.61000061035156,31.0,372400,92.19902708980493,S,30.339999923706053
2012-07-24,30.649999618530277,30.649999618530277,28.51000022888184,29.200000762939453,218800,7.924280931573392,B,29.200000762939453
2012-07-26,30.479999542236328,31.850000381469727,29.850000381469727,31.850000381469727,123100,84.90980173971641,S,30.65999961853028
2012-08-09,35.97999954223633,35.97999954223633,33.11000061035156,33.5,295500,14.82108684732745,B,33.5
2012-08-14,33.5,33.9900016784668,32.7599983215332,33.9900016784668,202600,69.21166903780494,S,33.87000061035156
2012-08-16,33.63999938964844,33.689998626708984,33.0099983215332,33.20000076293945,58500,20.358769201804563,B,33.20000076293945
2012-08-20,34.029998779296875,35.630001068115234,34.029998779296875,35.29999923706055,232700,90.20476734220279,S,33.94999862670898
2012-08-23,34.470001220703125,35.0,31.61000061035156,32.79999923706055,201300,9.97830259075181,B,32.79999923706055
2012-08-31,33.959999084472656,34.470001220703125,33.470001220703125,33.970001220703125,174400,70.39356152008631,S,34.059999237060545
2012-09-04,33.68000030517578,33.970001220703125,33.529998779296875,33.75,90600,20.02030699169177,B,33.75
2012-09-10,34.38999938964844,34.630001068115234,33.66999816894531,34.0,179500,69.62164138537722,S,34.48000122070312
2012-09-14,35.209999084472656,35.54999923706055,32.849998474121094,32.900001525878906,226500,15.087507904519256,B,32.900001525878906
2012-09-20,32.88999938964844,34.150001525878906,32.5,33.849998474121094,256400,80.08347865816269,S,33.149999389648436
2012-10-03,36.65999984741211,36.75,35.880001068115234,35.880001068115234,92500,24.15689709782437,B,35.880001068115234
2012-10-08,36.459999084472656,36.84000015258789,36.43999862670898,36.58000183105469,165600,79.72412237673203,S,36.51
2012-10-11,36.02000045776367,36.09000015258789,35.70000076293945,36.0,105900,14.98897057651719,B,36.0
2012-10-15,36.0,36.68999862670898,35.81999969482422,36.68999862670898,269000,83.00431004342462,S,36.10000015258789
2012-10-19,37.97999954223633,37.97999954223633,36.5099983215332,36.5099983215332,162300,16.66171976910499,B,36.5099983215332
2012-10-30,34.31999969482422,36.45000076293945,34.31999969482422,35.95000076293945,66900,48.21409965515944,S,35.95000076293945
2012-11-21,38.5,38.88999938964844,37.2599983215332,37.5,113000,22.025622260646315,B,37.5
2012-11-26,37.7400016784668,37.7400016784668,36.54999923706055,36.54999923706055,220300,4.765598711399605,S,37.51
2012-11-27,37.15999984741211,37.470001220703125,36.13999938964844,36.15999984741211,172200,2.5856723994529887,B,36.15999984741211
2012-11-29,36.29999923706055,37.95000076293945,35.900001525878906,37.400001525878906,135800,81.68159272397617,S,37.48000122070312
2012-12-18,39.65999984741211,40.0,38.68999862670898,39.5,220300,22.661052865040276,B,39.5
2012-12-21,39.5,40.0099983215332,39.5,40.0099983215332,106200,81.4314769247024,S,39.87000061035156
2012-12-28,40.560001373291016,40.970001220703125,39.4900016784668,39.54999923706055,724700,21.311453808886256,B,39.54999923706055
2013-01-07,40.0,40.29999923706055,39.58000183105469,39.95000076293945,190200,74.01082691606035,S,39.98000122070312
2013-01-08,39.9900016784668,40.31999969482422,38.040000915527344,38.15999984741211,194800,7.82826541225748,B,38.15999984741211
2013-01-17,37.41999816894531,38.34000015258789,36.33000183105469,36.91999816894531,146900,3.982400872347128,S,36.91999816894531
2013-01-28,38.38999938964844,38.68000030517578,36.95000076293945,36.97999954223633,122300,6.795283648351884,B,36.97999954223633
2013-01-31,36.810001373291016,37.709999084472656,36.540000915527344,37.5,660200,78.40771690642185,S,37.66999984741211
2013-02-07,38.560001373291016,38.560001373291016,37.54999923706055,38.29999923706055,218900,19.797690358389403,B,38.29999923706055
2013-02-13,39.2400016784668,39.2400016784668,38.150001525878906,38.619998931884766,60200,57.173817190012024,S,39.19000030517578
2013-02-14,38.88999938964844,38.95000076293945,37.75,37.75,67900,9.42218549423309,B,37.75
2013-02-21,37.75,39.15999984741211,37.119998931884766,39.15999984741211,341300,90.10082198309681,S,37.879998931884764
2013-03-04,40.0,40.02000045776367,39.5,39.5,86000,9.418748757580047,B,39.5
2013-03-08,39.22999954223633,40.08000183105469,39.11000061035156,39.81999969482422,272200,81.02633176851216,S,39.739999542236326
2013-03-20,42.13999938964844,42.15999984741211,40.56999969482422,40.650001525878906,163500,12.822574630801753,B,40.650001525878906
2013-04-01,41.20000076293945,41.2400016784668,40.79999923706055,41.2400016784668,131600,93.73736134223721,S,39.859998474121085
2013-04-08,41.2599983215332,41.38999938964844,40.52999877929688,40.59999847412109,317100,20.47105575652175,B,40.59999847412109
2013-04-17,38.400001525878906,38.470001220703125,37.79999923706055,37.79999923706055,43300,23.80450392643297,S,37.79999923706055
2013-04-18,37.95000076293945,38.16999816894531,37.2400016784668,37.2400016784668,214800,13.57194634473153,B,37.2400016784668
2013-04-19,37.400001525878906,39.0,37.400001525878906,38.52000045776367,793800,70.85128047543739,S,38.48000122070312
2013-05-08,41.91999816894531,41.91999816894531,40.400001525878906,40.470001220703125,238600,11.14376198141531,B,40.470001220703125
2013-05-17,40.70000076293945,41.29999923706055,39.7599983215332,40.68999862670898,207200,18.143227162585802,S,40.68999862670898
2013-05-22,40.97999954223633,41.09999847412109,39.5,39.88999938964844,535400,11.459301558886224,B,39.88999938964844
2013-05-28,40.29999923706055,41.5099983215332,40.29999923706055,40.84000015258789,288900,88.3414359641472,S,40.590001831054686
2013-05-29,40.77000045776367,40.84000015258789,38.54999923706055,39.18000030517578,245900,18.4039679028796,B,39.18000030517578
2013-06-06,34.599998474121094,36.77999877929688,34.310001373291016,36.5,597500,67.36528931047187,S,36.719999084472654
2013-06-12,37.119998931884766,37.66999816894531,34.900001525878906,36.0,552200,22.175993366986617,B,36.0
2013-06-21,31.920000076293945,33.459999084472656,31.780000686645508,32.709999084472656,346000,59.32811682613922,S,33.35999847412109
2013-07-01,34.4900016784668,34.900001525878906,32.77000045776367,33.189998626708984,526200,12.916613014121722,B,33.189998626708984
2013-07-05,32.630001068115234,32.869998931884766,31.899999618530277,32.599998474121094,262900,52.36312686960268,S,32.85000015258789
2013-07-22,35.599998474121094,36.0,35.400001525878906,35.52000045776367,87800,22.988572416190195,B,35.52000045776367
2013-07-25,35.7400016784668,36.150001525878906,35.5099983215332,35.900001525878906,98800,76.81866812639413,S,36.000001678466795
2013-07-31,36.5,36.5,35.58000183105469,35.58000183105469,195400,23.15236465228581,B,35.58000183105469
2013-08-05,33.560001373291016,36.2400016784668,33.38999938964844,35.5,423800,71.23104981594399,S,35.92999816894531
2013-08-13,37.959999084472656,38.33000183105469,36.40999984741211,36.40999984741211,161800,20.052641436663606,B,36.40999984741211
2013-08-16,36.31999969482422,37.95000076293945,36.31999969482422,36.61000061035156,152800,47.04487477941735,S,37.48000122070312
2013-08-20,36.11000061035156,37.119998931884766,34.70000076293945,34.70000076293945,160900,8.461184606232521,B,34.70000076293945
2013-08-23,34.369998931884766,35.4900016784668,34.0099983215332,35.4900016784668,196500,73.4796134765213,S,34.87000061035156
2013-08-27,34.7599983215332,34.880001068115234,33.779998779296875,33.849998474121094,260600,20.154782382859054,B,33.849998474121094
2013-09-02,33.20000076293945,34.880001068115234,33.20000076293945,34.5,162700,80.67574489070165,S,34.000001678466795
2013-10-03,38.38999938964844,38.459999084472656,36.900001525878906,37.06999969482422,83400,5.163554344535385,B,37.06999969482422
2013-10-14,36.08000183105469,36.130001068115234,34.75,34.79999923706055,139900,13.736443782853925,S,34.79999923706055
2013-10-16,35.349998474121094,35.630001068115234,34.619998931884766,34.619998931884766,108000,19.773246048366985,B,34.619998931884766
2013-10-22,34.22999954223633,36.13999938964844,34.220001220703125,35.95000076293945,262000,81.71244454231064,S,35.379998931884764
2013-10-29,34.61000061035156,34.880001068115234,33.470001220703125,33.52000045776367,161700,10.536485755988494,B,33.52000045776367
2013-11-07,31.56999969482422,31.770000457763672,31.100000381469727,31.549999237060547,178200,1.3156312871388565,S,31.549999237060547
2013-11-08,31.5,32.11000061035156,30.5,30.5,233200,0.24845416827537292,B,30.5
2013-11-13,29.799999237060547,31.450000762939453,29.76000022888184,31.450000762939453,2054600,80.96941999154373,S,30.70000053405762
2013-11-19,30.350000381469727,30.68000030517578,29.739999771118164,30.049999237060547,394300,16.76339219922542,B,30.049999237060547
2013-11-29,29.18000030517578,29.420000076293945,28.809999465942383,29.0,224800,32.930646393309445,S,29.0
2013-12-13,30.06999969482422,30.170000076293945,28.690000534057617,29.149999618530277,175700,6.652919830425418,B,29.149999618530277
2013-12-17,30.09000015258789,31.170000076293945,29.979999542236328,30.5,176700,75.46162921318326,S,30.180000076293947
2014-01-07,30.56999969482422,30.979999542236328,29.51000022888184,29.670000076293945,280300,18.240229308948997,B,29.670000076293945
2014-01-14,28.71999931335449,29.309999465942383,28.100000381469727,28.40999984741211,230400,50.615952416802976,S,28.90999961853028
2014-01-16,27.809999465942383,28.299999237060547,27.040000915527344,27.350000381469727,720900,16.14117223112825,B,27.350000381469727
2014-01-27,26.1200008392334,26.6299991607666,26.1200008392334,26.5,244500,21.891422356389626,S,26.5
2014-01-28,26.57999992370605,26.729999542236328,25.450000762939453,25.450000762939453,910900,4.996529535105708,B,25.450000762939453
2014-01-31,26.0,26.75,25.739999771118164,26.0,350700,61.83222172852243,S,26.110000381469728
2014-02-05,26.0,26.0,25.09000015258789,25.299999237060547,318500,11.704510444932225,B,25.299999237060547
2014-02-10,25.989999771118164,26.209999084472656,25.670000076293945,25.989999771118164,445100,81.43353437786426,S,25.76
2014-02-18,26.200000762939453,26.270000457763672,25.950000762939453,26.0,136700,20.2179092854266,B,26.0
2014-02-19,25.920000076293945,27.68000030517578,25.6299991607666,26.950000762939453,81600,77.81822908521175,S,26.690000305175783
2014-02-25,27.200000762939453,27.200000762939453,26.209999084472656,26.5,237500,18.231904112732366,B,26.5
2014-02-28,26.809999465942383,27.649999618530277,26.6200008392334,27.649999618530277,102500,81.82936054970443,S,27.089999923706053
2014-03-07,27.09000015258789,27.290000915527344,26.0,26.01000022888184,53900,24.55216469405569,B,26.01000022888184
2014-03-13,26.07999992370605,26.149999618530277,25.799999237060547,25.90999984741211,151700,40.57384508576578,S,26.139999160766603
2014-03-14,26.01000022888184,26.38999938964844,25.729999542236328,25.729999542236328,183700,21.133054489693478,B,25.729999542236328
2014-03-25,24.989999771118164,25.239999771118164,24.0,24.57999992370605,276900,20.025231694586466,S,24.57999992370605
2014-03-26,24.75,24.940000534057617,24.5,24.5,223000,15.955633282161216,B,24.5
2014-03-27,24.68000030517578,25.59000015258789,24.239999771118164,25.59000015258789,245800,87.14494831468367,S,25.249999771118166
2014-04-09,27.450000762939453,27.450000762939453,26.56999969482422,27.0,216600,6.1033353434462185,B,27.0
2014-04-11,27.299999237060547,27.63999938964844,26.75,26.75,118500,23.264470051423615,S,27.530000457763673
2014-04-14,26.809999465942383,26.96999931335449,26.440000534057617,26.709999084472656,66900,21.749742663040962,B,26.709999084472656
2014-04-25,24.229999542236328,24.649999618530277,23.979999542236328,23.979999542236328,135100,18.46671795799159,S,24.600000152587892
2014-05-16,28.850000381469727,29.09000015258789,27.850000381469727,28.030000686645508,109600,11.4372036923196,B,28.030000686645508
2014-05-23,27.479999542236328,28.200000762939453,27.479999542236328,27.76000022888184,48800,68.30866584273531,S,28.050000915527345
2014-06-02,28.5,28.76000022888184,27.549999237060547,27.76000022888184,116500,23.41215010992569,B,27.76000022888184
2014-06-09,28.229999542236328,28.40999984741211,28.149999618530277,28.40999984741211,86000,83.0645141759498,S,28.40999961853028
2014-06-20,28.600000381469727,28.809999465942383,28.200000762939453,28.200000762939453,186700,23.280871591928673,B,28.200000762939453
2014-06-24,28.57999992370605,30.0,28.459999084472656,30.0,141000,95.10401376816858,S,28.819999465942384
2014-07-02,31.0,31.0,29.350000381469727,29.46999931335449,159600,19.323233703140843,B,29.46999931335449
2014-07-07,29.440000534057617,29.649999618530277,28.88999938964844,29.25,38200,25.987172489070062,S,29.51
2014-07-08,29.1200008392334,29.459999084472656,28.309999465942383,28.399999618530277,63900,5.045543489758984,B,28.399999618530277
2014-07-11,29.229999542236328,29.670000076293945,28.86000061035156,29.59000015258789,68200,78.84651554492596,S,29.469999084472658
2014-07-29,31.75,31.75,29.32999992370605,29.32999992370605,315500,11.704506543612709,B,29.32999992370605
2014-08-05,29.56999969482422,30.0,29.190000534057617,29.190000534057617,19300,39.9345607666615,S,29.639999160766603
2014-08-07,29.100000381469727,29.100000381469727,28.11000061035156,28.450000762939453,46300,12.172384801577195,B,28.450000762939453
2014-08-11,29.13999938964844,29.13999938964844,28.309999465942383,28.530000686645508,49500,31.72052007356747,S,29.139999160766603
2014-09-02,31.700000762939453,31.84000015258789,30.5,31.309999465942383,118700,14.839851238123941,B,31.309999465942383
2014-09-05,31.149999618530277,31.86000061035156,30.709999084472656,31.86000061035156,115200,83.67471050244768,S,31.77000022888184
2014-09-09,31.229999542236328,31.479999542236328,30.450000762939453,31.0,13400,21.292904147295317,B,31.0
2014-09-15,31.0,31.979999542236328,30.81999969482422,30.81999969482422,101100,40.203186076870026,S,31.110000381469728
2014-09-18,31.799999237060547,31.959999084472656,29.96999931335449,29.96999931335449,156800,23.783727789919624,B,29.96999931335449
2014-09-24,28.100000381469727,29.690000534057617,27.950000762939453,29.690000534057617,75100,73.85625990122686,S,29.339999923706053
2014-10-01,28.96999931335449,28.96999931335449,28.190000534057617,28.540000915527344,100100,24.27263623491683,B,28.540000915527344
2014-10-06,29.5,30.399999618530277,29.459999084472656,29.75,54000,83.60668627264057,S,28.80999923706055
2014-10-10,28.280000686645508,29.020000457763672,28.209999084472656,28.6299991607666,60000,19.999392474377956,B,28.6299991607666
2014-10-21,26.200000762939453,26.200000762939453,26.200000762939453,26.200000762939453,118500,28.641635860411,S,26.200000762939453
2014-10-22,26.299999237060547,26.299999237060547,25.299999237060547,25.299999237060547,72900,12.218070453646149,B,25.299999237060547
2014-10-28,25.76000022888184,27.450000762939453,25.71999931335449,27.209999084472656,134600,80.16357114125044,S,25.98999954223633
2014-11-06,28.11000061035156,28.11000061035156,27.43000030517578,27.43000030517578,25000,21.97751267856981,B,27.43000030517578
2014-11-12,27.350000381469727,27.850000381469727,26.799999237060547,27.530000686645508,30300,37.74435292478947,S,27.710000762939455
2014-11-13,27.25,27.38999938964844,26.280000686645508,26.600000381469727,658000,3.0024001008570025,B,26.600000381469727
2014-11-24,26.6299991607666,27.020000457763672,26.399999618530277,26.65999984741211,471500,68.8423398127567,S,26.95000053405762
2014-11-25,26.670000076293945,27.01000022888184,26.100000381469727,26.25,843000,16.851731521277515,B,26.25
2014-11-26,26.270000457763672,27.46999931335449,26.270000457763672,27.420000076293945,473000,84.34190048906929,S,27.030000457763673
2014-12-03,26.959999084472656,27.170000076293945,26.399999618530277,26.700000762939453,42200,23.16692882785999,B,26.700000762939453
2014-12-08,25.700000762939453,27.38999938964844,25.700000762939453,26.489999771118164,209000,57.5935484048661,S,26.87000061035156
2014-12-09,26.63999938964844,26.63999938964844,25.309999465942383,25.5,236100,20.239469237933648,B,25.5
2014-12-18,24.690000534057617,25.86000061035156,24.690000534057617,25.299999237060547,164600,81.22578356950136,S,25.210000762939455
2015-01-02,26.6200008392334,26.68000030517578,25.3799991607666,25.850000381469727,94700,23.766641849261617,B,25.850000381469727
2015-01-13,24.450000762939453,24.96999931335449,24.149999618530277,24.32999992370605,93300,44.301200572795906,S,24.32999992370605
2015-01-15,24.57999992370605,24.600000381469727,24.100000381469727,24.100000381469727,54900,16.024881135078175,B,24.100000381469727
2015-01-16,24.200000762939453,25.280000686645508,23.850000381469727,24.600000381469727,129900,77.23201132362551,S,24.710000762939455
2015-01-28,25.15999984741211,25.57999992370605,24.899999618530277,24.899999618530277,47900,16.223571123027256,B,24.899999618530277
2015-02-03,24.309999465942383,25.31999969482422,24.309999465942383,25.049999237060547,24900,73.73997387617504,S,25.149999389648443
2015-02-25,25.989999771118164,26.26000022888184,25.190000534057617,25.399999618530277,50300,23.676960940260074,B,25.399999618530277
2015-03-02,25.76000022888184,26.01000022888184,25.0,26.01000022888184,18400,76.06295478487712,S,25.889999160766603
2015-03-12,26.399999618530277,26.399999618530277,25.780000686645508,25.780000686645508,90300,21.166814344394083,B,25.780000686645508
2015-03-18,25.0,25.709999084472656,24.799999237060547,25.299999237060547,172700,76.54381770663083,S,25.15999961853028
2015-03-24,25.209999084472656,25.420000076293945,24.25,24.75,228200,19.613955348820696,B,24.75
2015-03-30,24.299999237060547,24.979999542236328,24.299999237060547,24.979999542236328,304600,69.43732826306609,S,24.90999961853028
2015-04-16,25.82999992370605,26.280000686645508,25.299999237060547,25.299999237060547,17500,18.036825072148716,B,25.299999237060547
2015-04-24,24.38999938964844,25.21999931335449,23.940000534057617,24.299999237060547,149800,41.61444392752752,S,24.77000022888184
2015-04-29,24.01000022888184,24.309999465942383,23.299999237060547,24.100000381469727,111200,18.72301637683863,B,24.100000381469727
2015-04-30,24.100000381469727,24.899999618530277,24.100000381469727,24.56999969482422,265600,79.41557357228942,S,24.610000381469728
2015-05-11,25.850000381469727,25.850000381469727,24.15999984741211,24.15999984741211,513000,9.113975916882524,B,24.15999984741211
2015-05-15,24.600000381469727,24.88999938964844,24.09000015258789,24.549999237060547,1881000,60.733270514616784,S,24.780000457763673
2015-05-18,24.799999237060547,24.979999542236328,24.190000534057617,24.3700008392334,98900,23.633394233740773,B,24.3700008392334
2015-05-22,24.049999237060547,24.3799991607666,23.93000030517578,24.149999618530277,349500,53.27924110232918,S,24.339999923706053
2015-05-25,23.979999542236328,24.15999984741211,23.899999618530277,24.0,55000,24.331955421863228,B,24.0
2015-05-27,24.07999992370605,26.0,24.0,24.899999618530277,243800,94.46762936132761,S,24.20000053405762
2015-06-08,24.729999542236328,24.8700008392334,23.90999984741211,24.420000076293945,320000,16.93297866237171,B,24.420000076293945
2015-06-11,24.899999618530277,24.899999618530277,24.26000022888184,24.3700008392334,61800,28.5123294150348,S,24.860000381469728
2015-06-12,24.25,24.3700008392334,23.96999931335449,24.01000022888184,76300,11.701830140997188,B,24.01000022888184
2015-06-18,24.020000457763672,24.6299991607666,23.71999931335449,23.899999618530277,141000,25.920891444766596,S,24.210000762939455
2015-06-19,23.700000762939453,23.920000076293945,23.59000015258789,23.649999618530277,117500,8.152578514377993,B,23.649999618530277
2015-06-25,23.729999542236328,24.040000915527344,23.5,23.57999992370605,125400,22.59096022684163,S,24.030000457763673
2015-06-26,23.440000534057617,23.71999931335449,23.399999618530277,23.5,22400,17.581497113854965,B,23.5
2015-06-30,23.46999931335449,24.01000022888184,23.32999992370605,24.01000022888184,161900,80.63350087836271,S,23.72999931335449
2015-07-08,23.88999938964844,24.059999465942383,23.239999771118164,23.239999771118164,88600,2.9832553415061938,B,23.239999771118164
2015-07-20,22.559999465942383,22.959999084472656,22.549999237060547,22.549999237060547,82500,1.1717431482015428,S,22.549999237060547
2015-07-21,22.61000061035156,22.61000061035156,22.190000534057617,22.190000534057617,97500,0.38381375068318846,B,22.190000534057617
2015-07-28,21.15999984741211,21.21999931335449,20.61000061035156,20.61000061035156,85600,19.63416176798951,S,21.01
2015-08-03,21.31999969482422,21.520000457763672,20.350000381469727,20.5,108600,19.225927414874533,B,20.5
2015-08-12,19.899999618530277,20.32999992370605,19.43000030517578,20.0,116700,22.629804901474785,S,20.210000762939455
2015-08-13,20.0,20.059999465942383,19.6200008392334,19.850000381469727,160200,6.767867921001596,B,19.850000381469727
2015-08-14,19.809999465942383,21.690000534057617,19.809999465942383,20.26000022888184,187700,80.70433508042265,S,20.339999923706053
2015-09-02,21.59000015258789,21.59000015258789,20.82999992370605,21.07999992370605,81500,13.44303156762372,B,21.07999992370605
2015-09-09,22.13999938964844,22.979999542236328,22.09000015258789,22.299999237060547,197000,83.17704260842821,S,22.15999961853028
2015-09-14,21.989999771118164,22.1299991607666,21.6299991607666,21.75,374400,19.045433277245124,B,21.75
2015-09-16,21.13999938964844,22.25,21.1200008392334,22.059999465942383,202700,70.85251473802728,S,22.139999160766603
2015-09-18,21.489999771118164,21.530000686645508,20.170000076293945,20.200000762939453,118100,13.217969830843813,B,20.200000762939453
2015-09-23,20.700000762939453,20.90999984741211,20.170000076293945,20.459999084472656,76100,37.99786325506039,S,20.76
2015-09-24,20.479999542236328,20.850000381469727,19.84000015258789,20.229999542236328,428000,22.197927313849917,B,20.229999542236328
2015-09-25,20.34000015258789,21.020000457763672,20.34000015258789,20.799999237060547,59400,74.58262706218346,S,20.91999984741211
2015-09-30,20.31999969482422,20.489999771118164,19.899999618530277,19.899999618530277,344800,19.44797711631489,B,19.899999618530277
2015-10-02,19.59000015258789,20.96999931335449,19.200000762939453,20.76000022888184,149100,84.53190465464482,S,20.499999771118166
2015-10-16,21.770000457763672,22.450000762939453,21.489999771118164,21.489999771118164,248600,14.528532204754242,B,21.489999771118164
2015-10-23,21.31999969482422,22.0,21.09000015258789,21.11000061035156,85400,54.66494652614355,S,21.800000915527345
2015-10-26,21.229999542236328,21.280000686645508,20.43000030517578,20.6200008392334,139900,19.859439695483516,B,20.6200008392334
2015-10-28,20.32999992370605,21.399999618530277,20.31999969482422,21.25,10900,78.63241933032754,S,21.29000068664551
2015-10-29,20.799999237060547,21.71999931335449,20.100000381469727,20.100000381469727,90400,23.867786755761372,B,20.100000381469727
2015-11-03,21.299999237060547,22.06999969482422,20.670000076293945,21.75,67000,80.51379393671435,S,21.72999931335449
2015-11-06,21.459999084472656,22.450000762939453,20.81999969482422,20.90999984741211,50000,19.004300038615156,B,20.90999984741211
2015-11-11,21.739999771118164,22.540000915527344,21.540000915527344,22.0,57900,87.46937324479737,S,21.51
2015-11-30,22.5,22.739999771118164,21.96999931335449,22.0,457000,11.52597503293633,B,22.0
2015-12-02,22.440000534057617,23.489999771118164,22.1200008392334,23.280000686645508,155700,83.018606163064,S,22.749999771118166
2015-12-14,23.5,23.56999969482422,22.850000381469727,23.020000457763672,60100,17.29244625375297,B,23.020000457763672
2015-12-17,22.940000534057617,23.399999618530277,22.809999465942383,23.399999618530277,14900,71.78483723575692,S,23.26
2015-12-18,23.149999618530277,23.399999618530277,21.299999237060547,21.299999237060547,295500,14.130011160137016,B,21.299999237060547
2015-12-30,21.270000457763672,21.479999542236328,20.600000381469727,21.0,89900,26.33966313211299,S,21.37000061035156
2016-01-04,20.96999931335449,20.96999931335449,19.700000762939453,19.75,103300,2.2045433087964312,B,19.75
2016-01-07,19.600000381469727,20.209999084472656,19.200000762939453,20.209999084472656,37100,67.54233657015264,S,20.180000076293947
2016-01-11,20.350000381469727,20.350000381469727,19.299999237060547,19.299999237060547,76500,19.246152303713302,B,19.299999237060547
2016-01-20,18.8700008392334,19.239999771118164,18.540000915527344,18.899999618530277,80200,22.99566441617209,S,18.899999618530277
2016-01-21,18.989999771118164,19.43000030517578,18.780000686645508,18.780000686645508,18300,15.428221025903895,B,18.780000686645508
2016-01-22,19.09000015258789,19.75,18.81999969482422,19.09000015258789,156300,68.68020035291205,S,19.440000305175783
2016-01-26,19.21999931335449,19.21999931335449,18.549999237060547,18.549999237060547,163000,21.505016040764502,B,18.549999237060547
2016-01-29,18.6299991607666,19.290000915527344,18.530000686645508,19.0,206000,77.72911380917608,S,19.07999969482422
2016-02-10,18.90999984741211,19.020000457763672,18.299999237060547,18.649999618530277,328900,13.275567128958699,B,18.649999618530277
2016-02-16,17.989999771118164,18.38999938964844,17.799999237060547,18.32999992370605,58200,72.05662032142432,S,18.22999931335449
2016-02-23,18.899999618530277,18.899999618530277,17.700000762939453,17.700000762939453,22100,20.41721861099235,B,17.700000762939453
2016-02-29,17.299999237060547,18.030000686645508,17.299999237060547,17.809999465942383,420200,79.47079192294827,S,17.530000457763673
2016-03-14,21.520000457763672,21.520000457763672,20.920000076293945,20.920000076293945,17900,12.786736860085568,B,20.920000076293945
2016-03-17,21.850000381469727,23.040000915527344,21.75,22.799999237060547,296600,91.81687498278062,S,21.839999923706053
2016-04-01,23.309999465942383,23.38999938964844,22.799999237060547,22.799999237060547,96200,24.97861166933771,B,22.799999237060547
2016-04-08,22.8799991607666,23.559999465942383,22.290000915527344,23.11000061035156,229200,88.62946568855267,S,22.440000305175783
2016-04-22,24.959999084472656,24.959999084472656,24.07999992370605,24.239999771118164,56900,18.335601420780336,B,24.239999771118164
2016-04-27,24.520000457763672,25.979999542236328,24.100000381469727,25.700000762939453,55400,87.6103771999541,S,24.55999923706055
2016-05-05,24.86000061035156,25.770000457763672,24.059999465942383,24.15999984741211,114400,19.332834590738727,B,24.15999984741211
2016-05-10,25.549999237060547,26.850000381469727,25.01000022888184,26.75,469900,97.65870010603139,S,25.70000053405762
2016-05-18,26.700000762939453,27.100000381469727,26.25,26.51000022888184,103800,16.670463567932202,B,26.51000022888184
2016-05-30,25.420000076293945,26.0,25.0,25.600000381469727,76700,34.92407601778612,S,25.600000381469727
2016-05-31,25.5,25.709999084472656,24.149999618530277,24.670000076293945,214700,6.747990057575805,B,24.670000076293945
2016-06-07,24.8799991607666,25.420000076293945,24.6200008392334,25.420000076293945,356600,93.65858742413373,S,25.089999923706053
2016-06-10,25.190000534057617,25.76000022888184,25.0,25.0,122800,16.985012118742958,B,25.0
2016-06-20,24.81999969482422,25.940000534057617,24.799999237060547,25.940000534057617,367600,92.08842979276312,S,24.960000762939455
2016-07-06,26.549999237060547,26.600000381469727,25.57999992370605,26.149999618530277,71900,14.99639840495172,B,26.149999618530277
2016-07-11,26.13999938964844,27.84000015258789,26.07999992370605,27.649999618530277,239800,94.28950134336667,S,26.460000762939455
2016-08-01,27.979999542236328,28.15999984741211,27.63999938964844,27.71999931335449,45600,20.048319093449564,B,27.71999931335449
2016-08-10,26.520000457763672,27.600000381469727,26.420000076293945,26.950000762939453,108100,72.14327008961622,S,26.82999969482422
2016-08-12,26.86000061035156,26.93000030517578,26.270000457763672,26.450000762939453,40400,23.828582152768973,B,26.450000762939453
2016-08-17,26.06999969482422,27.25,25.75,26.65999984741211,175500,79.0767642674983,S,26.460000762939455
2016-08-22,26.15999984741211,26.21999931335449,25.920000076293945,26.0,140400,15.757266020992887,B,26.0
2016-08-24,26.059999465942383,26.299999237060547,25.799999237060547,26.299999237060547,150300,63.082441489893924,S,26.300000915527345
2016-08-25,26.31999969482422,26.59000015258789,25.75,25.809999465942383,232000,16.80990230906785,B,25.809999465942383
2016-09-02,26.0,26.649999618530277,26.0,26.32999992370605,23300,97.51335412263789,S,26.219999084472658
2016-09-09,26.3799991607666,26.3799991607666,25.979999542236328,26.030000686645508,56000,23.110350869016543,B,26.030000686645508
2016-09-13,26.739999771118164,27.81999969482422,26.3799991607666,27.489999771118164,732500,86.24978073173651,S,27.01
2016-09-23,27.25,27.399999618530277,26.850000381469727,26.96999931335449,32700,20.42081693212681,B,26.96999931335449
2016-09-28,26.690000534057617,27.32999992370605,26.549999237060547,27.239999771118164,56600,80.01181741132454,S,26.98999954223633
2016-09-30,26.559999465942383,26.649999618530277,26.18000030517578,26.18000030517578,173100,18.352382247288702,B,26.18000030517578
2016-10-03,26.46999931335449,28.15999984741211,26.350000381469727,27.100000381469727,51100,70.90576327529133,S,27.719999084472658
2016-10-07,27.13999938964844,27.13999938964844,26.32999992370605,26.86000061035156,205700,22.460144681110293,B,26.86000061035156
2016-10-11,26.5,28.0,26.399999618530277,27.290000915527344,255900,68.29930732363017,S,27.149999389648443
2016-10-28,31.059999465942383,31.46999931335449,30.040000915527344,30.229999542236328,74200,14.263132755239582,B,30.229999542236328
2016-11-07,29.440000534057617,30.0,29.31999969482422,29.51000022888184,79200,40.52476751908445,S,29.97999931335449
2016-11-08,29.13999938964844,29.899999618530277,29.13999938964844,29.309999465942383,45000,23.45911307899715,B,29.309999465942383
2016-11-09,28.229999542236328,30.239999771118164,27.5,29.350000381469727,95300,34.49364954853057,S,30.01
2016-11-10,29.020000457763672,29.770000457763672,28.350000381469727,28.700000762939453,666500,6.067206199900184,B,28.700000762939453
2016-11-22,28.07999992370605,28.5,27.51000022888184,27.540000915527344,115200,7.070306799561465,S,27.540000915527344
2016-11-25,28.059999465942383,28.18000030517578,27.07999992370605,27.38999938964844,146700,18.750617396847275,B,27.38999938964844
2016-11-28,27.399999618530277,28.700000762939453,27.1299991607666,27.799999237060547,198600,56.75371942620921,S,28.40999961853028
2016-12-01,27.479999542236328,27.5,25.920000076293945,26.200000762939453,204900,10.944893499287105,B,26.200000762939453
2016-12-12,24.989999771118164,24.989999771118164,23.950000762939453,24.21999931335449,81100,20.48701695955019,S,24.21999931335449
2016-12-15,24.440000534057617,24.799999237060547,23.920000076293945,24.209999084472656,207200,23.896715017523476,B,24.209999084472656
2016-12-22,24.020000457763672,24.3799991607666,23.700000762939453,24.299999237060547,66100,85.57793231116715,S,23.819999465942384
2017-01-17,27.440000534057617,27.489999771118164,26.86000061035156,27.0,95100,18.598752058651172,B,27.0
2017-01-18,27.0,28.059999465942383,26.950000762939453,27.809999465942383,161100,75.37428404312054,S,28.050000915527345
2017-02-09,29.549999237060547,29.920000076293945,29.5,29.520000457763672,121300,16.829363862809373,B,29.520000457763672
2017-02-14,29.59000015258789,29.84000015258789,29.25,29.549999237060547,170800,29.693879528095366,S,29.839999923706053
2017-03-02,30.809999465942383,31.020000457763672,29.90999984741211,30.21999931335449,107800,8.991225213680949,B,30.21999931335449
2017-03-06,30.729999542236328,31.25,30.190000534057617,30.709999084472656,125700,55.93190210564839,S,31.030000457763673
2017-03-09,31.020000457763672,31.26000022888184,30.049999237060547,30.25,144100,13.969945867607834,B,30.25
2017-03-13,31.190000534057617,31.96999931335449,30.93000030517578,31.21999931335449,125800,70.71084151042979,S,31.360000381469728
2017-03-20,31.709999084472656,31.729999542236328,31.190000534057617,31.34000015258789,44300,17.21380329255618,B,31.34000015258789
2017-03-28,30.770000457763672,31.93000030517578,30.65999984741211,31.5,211000,77.84122122694065,S,31.20000053405762
2017-04-03,31.420000076293945,31.5,30.959999084472656,31.149999618530277,49300,24.91662451531218,B,31.149999618530277
2017-04-07,30.350000381469727,31.6200008392334,30.149999618530277,31.6200008392334,215200,70.98357442809728,S,31.47999931335449
2017-04-18,31.57999992370605,32.22999954223633,31.3700008392334,31.5,153100,19.309690145176972,B,31.5
2017-04-26,32.279998779296875,32.41999816894531,31.88999938964844,32.400001525878906,633900,87.01817355815889,S,32.219999084472654
2017-05-18,33.61000061035156,33.61000061035156,31.82999992370605,32.0,501500,5.048291765214742,B,32.0
2017-05-24,32.709999084472656,33.38999938964844,32.22999954223633,33.29999923706055,274700,62.071732483236225,S,33.239999542236326
2017-05-30,32.77000045776367,33.43000030517578,32.439998626708984,32.470001220703125,230200,14.655116210161694,B,32.470001220703125
2017-06-05,31.61000061035156,32.65999984741211,31.61000061035156,32.099998474121094,339400,53.69542265197902,S,32.44000030517578
2017-06-09,33.41999816894531,33.59000015258789,31.96999931335449,32.400001525878906,766000,23.45835017389365,B,32.400001525878906
2017-06-14,32.5,33.0,32.189998626708984,33.0,233900,76.54426841355405,S,32.71000076293945
2017-06-20,32.86000061035156,33.08000183105469,32.36000061035156,32.7400016784668,120200,15.920519433058843,B,32.7400016784668
2017-06-26,32.22999954223633,32.45000076293945,32.099998474121094,32.400001525878906,222300,72.75271026921881,S,32.340001831054686
2017-06-28,32.25,32.25,31.57999992370605,31.850000381469727,134500,13.888551638295212,B,31.850000381469727
2017-06-30,32.349998474121094,32.709999084472656,31.950000762939453,32.709999084472656,229400,84.26354137582189,S,32.28999877929687
2017-07-26,36.41999816894531,36.65999984741211,35.939998626708984,36.06999969482422,226200,16.627791490981252,B,36.06999969482422
2017-07-28,36.86000061035156,36.97999954223633,35.79999923706055,36.70000076293945,94100,72.73742647192901,S,36.89000106811523
2017-08-02,36.68000030517578,36.7599983215332,34.900001525878906,35.209999084472656,638200,6.921139294128821,B,35.209999084472656
2017-08-08,35.56999969482422,37.09000015258789,35.18000030517578,37.0,1140500,91.69781874384448,S,35.78000045776367
2017-09-15,53.0,53.36000061035156,52.040000915527344,52.040000915527344,1074200,15.576117039489745,B,52.040000915527344
2017-09-18,51.560001373291016,55.16999816894531,51.560001373291016,53.97999954223633,398000,77.81494239320511,S,54.629998931884764
2017-09-20,52.61000061035156,55.310001373291016,51.15999984741211,51.400001525878906,477300,18.62992885892602,B,51.400001525878906
2017-09-29,47.119998931884766,50.7400016784668,47.119998931884766,50.0,441000,78.33960481320041,S,49.399999389648436
2017-10-17,53.459999084472656,53.459999084472656,51.5099983215332,51.75,320600,24.225765528447127,B,51.75
2017-10-19,53.060001373291016,54.150001525878906,51.81999969482422,53.20000076293945,183700,70.83468368010931,S,53.469999084472654
2017-10-30,55.150001525878906,55.560001373291016,53.29999923706055,53.29999923706055,306900,21.171210420799426,B,53.29999923706055
2017-11-06,48.59999847412109,51.0,47.9900016784668,51.0,623500,68.48849572526896,S,50.340001831054686
2017-11-07,50.790000915527344,50.790000915527344,45.56999969482422,45.56999969482422,1041800,17.303577157119307,B,45.56999969482422
2017-11-14,47.22999954223633,48.20000076293945,46.5099983215332,47.09999847412109,205100,71.40050599100385,S,46.96000076293945
2017-11-24,48.65999984741211,49.40999984741211,47.68999862670898,48.0,278500,6.392080044074305,B,48.0
2017-11-27,47.369998931884766,49.91999816894531,47.02000045776367,48.47999954223633,202000,48.05348365545262,S,49.449998626708975
2017-11-30,48.95000076293945,48.95000076293945,46.209999084472656,46.209999084472656,301200,9.513416963270913,B,46.209999084472656
2017-12-05,48.83000183105469,50.63999938964844,48.34000015258789,49.0,148500,80.27271751677199,S,48.82999969482422
2017-12-12,49.08000183105469,49.08000183105469,47.41999816894531,48.66999816894531,167500,23.595956552859207,B,48.66999816894531
2017-12-13,48.68000030517578,50.0,48.43000030517578,49.5,421100,67.18906570461505,S,49.820001373291014
2017-12-14,48.79999923706055,49.59999847412109,47.900001525878906,48.0,211600,21.94099641722157,B,48.0
2017-12-15,48.27000045776367,50.79999923706055,47.68000030517578,50.13999938964844,392700,73.28173409929848,S,50.01
2018-01-23,61.13999938964844,61.13999938964844,58.869998931884766,58.959999084472656,666000,17.684374651906367,B,58.959999084472656
2018-01-31,58.70000076293945,61.0,57.959999084472656,59.77000045776367,194800,87.1644301966358,S,59.17999816894531
2018-02-02,59.130001068115234,59.130001068115234,56.11000061035156,56.560001373291016,299900,13.081362206029155,B,56.560001373291016
2018-02-14,54.18000030517578,55.150001525878906,53.83000183105469,54.38999938964844,187200,73.57571111280683,S,54.2699983215332
2018-03-02,55.880001068115234,56.68999862670898,54.93999862670898,55.93000030517578,106200,20.79603433951803,B,55.93000030517578
2018-03-13,52.86000061035156,53.400001525878906,52.20000076293945,52.38999938964844,137600,25.892112808826525,S,52.38999938964844
2018-03-14,52.209999084472656,52.880001068115234,50.52999877929688,51.20000076293945,629700,9.177865276868772,B,51.20000076293945
2018-03-16,51.650001525878906,53.09999847412109,50.15999984741211,50.15999984741211,207700,16.376150928581808,S,52.89000106811523
2018-03-19,50.0,50.77999877929688,49.79999923706055,50.09999847412109,87200,15.679490076943381,B,50.09999847412109
2018-03-22,47.790000915527344,50.88999938964844,47.66999816894531,50.0,486900,71.79608522659309,S,50.379998931884764
2018-04-09,49.97999954223633,50.470001220703125,48.5,49.02999877929688,175500,17.53657620087415,B,49.02999877929688
2018-04-12,48.540000915527344,49.90999984741211,48.540000915527344,49.90999984741211,99500,75.106821642212,S,49.840001831054686
2018-04-24,53.09999847412109,53.810001373291016,50.95000076293945,51.119998931884766,350800,9.451796011731986,B,51.119998931884766
2018-04-27,52.95000076293945,53.20000076293945,52.04999923706055,52.70000076293945,215900,71.38396191722684,S,52.989999542236326
2018-05-02,52.959999084472656,52.959999084472656,48.72999954223633,51.02999877929688,261000,13.91041003324598,B,51.02999877929688
2018-05-10,46.0,46.95000076293945,45.72999954223633,46.880001068115234,295300,74.73591660408349,S,46.01
2018-05-14,47.68999862670898,47.68999862670898,43.36000061035156,43.43000030517578,307500,11.914216164770195,B,43.43000030517578
2018-05-17,46.18000030517578,46.18000030517578,43.13999938964844,45.29999923706055,1471600,46.00061435015233,S,46.01
2018-05-18,45.29999923706055,45.29999923706055,42.5099983215332,43.400001525878906,334200,16.568882034310903,B,43.400001525878906
2018-05-22,45.2400016784668,46.36000061035156,44.16999816894531,46.36000061035156,149200,79.84000115861456,S,45.309999237060545
2018-05-25,45.11000061035156,45.369998931884766,43.13999938964844,44.13999938964844,182300,19.601721765502433,B,44.13999938964844
2018-06-01,42.68000030517578,43.9900016784668,42.369998931884766,43.0,175100,59.15721798548437,S,43.73000122070312
2018-06-07,41.86000061035156,42.06999969482422,38.220001220703125,41.380001068115234,1130900,11.465931433561536,B,41.380001068115234
2018-06-13,42.75,43.58000183105469,42.09000015258789,43.150001525878906,328000,86.86276740875039,S,42.879998931884764
2018-06-14,43.34999847412109,43.34999847412109,41.29999923706055,41.29999923706055,231200,16.92433959865066,B,41.29999923706055
2018-06-20,41.02999877929688,42.77000045776367,41.02999877929688,42.380001068115234,124200,82.5845323422281,S,41.469999084472654
2018-07-11,43.810001373291016,44.25,43.13999938964844,43.290000915527344,965700,20.49521442962825,B,43.290000915527344
2018-07-13,43.5099983215332,44.59999847412109,43.5099983215332,44.25,389000,71.85063562612929,S,44.28000045776367
2018-07-16,44.29999923706055,44.619998931884766,42.84000015258789,42.84000015258789,161700,21.542290163946717,B,42.84000015258789
2018-07-19,43.08000183105469,44.310001373291016,42.20000076293945,44.060001373291016,481500,79.17417417139777,S,43.21000076293945
2018-07-25,43.84000015258789,44.70000076293945,43.20000076293945,43.369998931884766,120700,19.676606965843447,B,43.369998931884766
2018-08-02,42.0,43.09999847412109,41.7599983215332,43.02999877929688,407100,73.86888752408105,S,42.660001525878904
2018-08-09,43.150001525878906,43.209999084472656,42.119998931884766,42.400001525878906,212200,13.55991414092206,B,42.400001525878906
2018-08-20,41.45000076293945,41.810001373291016,41.0,41.5,196700,60.11813231370992,S,41.5
2018-08-21,41.5,42.040000915527344,39.619998931884766,40.54999923706055,456600,14.841239108118643,B,40.54999923706055
2018-08-27,41.290000915527344,42.2400016784668,40.95000076293945,41.15999984741211,109100,54.43686902038581,S,41.820001373291014
2018-08-29,41.220001220703125,41.70000076293945,40.27999877929688,40.45000076293945,176600,8.040529108222529,B,40.45000076293945
2018-09-06,39.09999847412109,40.5,39.08000183105469,39.810001373291016,208400,80.12684871991758,S,39.85000015258789
2018-09-11,40.459999084472656,40.459999084472656,38.68000030517578,38.68000030517578,116500,24.159948359106224,B,38.68000030517578
2018-09-17,38.15999984741211,39.04999923706055,37.560001373291016,39.0,188700,73.82135307724134,S,38.78000045776367
2018-09-26,42.4900016784668,42.4900016784668,41.060001373291016,41.29999923706055,411500,24.382348770217945,B,41.29999923706055
2018-09-27,41.47999954223633,43.0,40.880001068115234,43.0,607100,82.70646972238757,S,42.500001678466795
2018-10-05,44.25,44.25,42.61000061035156,43.04999923706055,608000,22.316966601178507,B,43.04999923706055
2018-10-08,46.0,46.0,44.27999877929688,45.84000015258789,194500,85.1838803580341,S,44.51
2018-10-11,44.18000030517578,44.47999954223633,42.52999877929688,43.68000030517578,2090700,22.542577473099982,B,43.68000030517578
2018-10-16,43.9900016784668,45.9900016784668,43.88999938964844,44.900001525878906,691800,78.63397696085474,S,44.489999542236326
2018-10-29,46.90999984741211,46.90999984741211,45.0,45.0,631800,11.152221046593567,B,45.0
2018-10-30,45.02000045776367,47.58000183105469,45.02000045776367,47.0,941600,64.97742025407717,S,47.500001678466795
2018-11-07,47.369998931884766,47.380001068115234,46.0,46.38999938964844,289700,17.156126343436455,B,46.38999938964844
2018-11-16,45.59000015258789,48.290000915527344,45.22999954223633,48.27000045776367,356600,93.7717250345225,S,46.129998931884764
2018-11-30,50.400001525878906,50.459999084472656,49.20000076293945,49.93999862670898,226100,23.741995589900412,B,49.93999862670898
2018-12-07,49.0,50.869998931884766,49.0,49.619998931884766,603100,67.20960048533348,S,49.899999389648436
2019-01-04,55.0099983215332,55.0099983215332,53.04999923706055,53.33000183105469,453900,14.469068510884682,B,53.33000183105469
2019-01-09,54.29999923706055,55.5,54.0099983215332,55.27999877929688,221800,80.85787613219902,S,54.35000015258789
2019-01-11,54.630001068115234,54.83000183105469,53.209999084472656,53.209999084472656,319200,19.51856470213319,B,53.209999084472656
2019-01-22,51.29999923706055,51.88999938964844,50.52000045776367,51.88999938964844,681300,74.95018108645485,S,51.88999938964844
2019-02-06,54.75,54.75,52.560001373291016,52.560001373291016,299800,6.856756932686906,B,52.560001373291016
2019-02-14,51.869998931884766,52.4900016784668,50.34999847412109,52.4900016784668,635200,82.83959475040007,S,52.21000076293945
2019-03-01,53.970001220703125,53.970001220703125,52.5,52.900001525878906,244100,11.232303058672642,B,52.900001525878906
2019-03-11,52.65999984741211,53.900001525878906,52.09999847412109,53.59000015258789,440700,83.57281102247825,S,52.359998474121085
2019-03-15,53.0,53.02000045776367,52.09999847412109,52.09999847412109,371000,9.035231666197276,B,52.09999847412109
2019-03-19,52.75,53.47999954223633,52.29999923706055,52.29999923706055,173100,32.83430056281014,S,53.03999877929688
2019-03-20,52.540000915527344,52.75,50.5,50.5,228400,9.657973638996907,B,50.5
2019-03-25,50.34999847412109,51.63999938964844,49.56999969482422,49.75,318700,10.367374044059275,S,51.03000045776367
2019-03-28,49.59999847412109,49.81999969482422,48.75,49.22999954223633,387700,16.712573276682562,B,49.22999954223633
2019-03-29,50.15999984741211,50.15999984741211,49.040000915527344,49.97999954223633,475100,65.42755521808306,S,49.82999969482422
2019-04-04,50.27999877929688,50.29999923706055,49.29999923706055,49.29999923706055,413600,12.852900568127438,B,49.29999923706055
2019-04-15,48.75,48.75,48.06999969482422,48.400001525878906,155800,1.2787237144674322,S,48.400001525878906
2019-04-16,48.650001525878906,48.650001525878906,47.11000061035156,47.11000061035156,236700,0.13656957171127715,B,47.11000061035156
2019-04-22,47.79999923706055,47.79999923706055,46.68999862670898,46.79999923706055,129900,37.32800621792779,S,47.57999969482422
2019-05-09,50.88999938964844,50.88999938964844,49.560001373291016,49.560001373291016,296800,17.930764665681266,B,49.560001373291016
2019-05-20,46.43999862670898,47.43999862670898,46.130001068115234,47.04999923706055,223400,47.67368327784587,S,47.04999923706055
2019-05-27,49.2400016784668,49.2400016784668,47.959999084472656,48.15999984741211,162200,19.627696232603228,B,48.15999984741211
2019-05-30,48.810001373291016,50.59000015258789,48.29999923706055,49.65999984741211,324400,88.52400234470414,S,49.239999542236326
2019-06-04,50.13999938964844,50.150001525878906,47.810001373291016,48.5,937400,16.363288630911313,B,48.5
2019-06-07,49.0,50.25,48.79999923706055,49.59999847412109,309400,71.30833537059968,S,49.649999389648436
2019-06-11,49.29999923706055,50.0,48.86000061035156,48.86000061035156,169100,22.58964926263657,B,48.86000061035156
2019-06-14,48.77999877929688,49.720001220703125,48.77999877929688,49.04999923706055,416200,51.65400098576873,S,49.55000091552734
2019-06-25,49.90999984741211,50.16999816894531,49.209999084472656,49.34999847412109,141400,19.75774201281402,B,49.34999847412109
2019-06-28,48.7599983215332,50.20000076293945,48.709999084472656,50.20000076293945,313400,85.53630491049977,S,49.910001525878904
2019-07-15,52.7400016784668,52.970001220703125,51.290000915527344,51.79999923706055,150600,21.669525830852407,B,51.79999923706055
2019-07-17,52.97999954223633,53.540000915527344,51.81999969482422,52.31999969482422,242000,47.12141715428749,S,52.98000122070312
2019-07-22,52.209999084472656,52.380001068115234,51.0,51.0,185800,14.103844545640285,B,51.0
2019-07-26,49.84999847412109,51.02999877929688,49.470001220703125,50.18000030517578,285300,56.04302438473332,S,50.879998931884764
2019-08-12,50.34999847412109,50.34999847412109,49.09999847412109,49.400001525878906,662600,12.030847644319905,B,49.400001525878906
2019-08-21,47.31999969482422,48.29999923706055,47.31999969482422,48.29999923706055,504400,80.24504788128922,S,48.29999923706055
2019-08-23,47.15999984741211,47.2400016784668,46.0,46.0,346800,14.369723261949346,B,46.0
2019-08-29,46.540000915527344,48.470001220703125,45.9900016784668,47.86000061035156,1361600,93.12836301242503,S,46.879998931884764
2019-09-10,48.209999084472656,48.310001373291016,47.31999969482422,47.810001373291016,652300,23.810220504143075,B,47.810001373291016
2019-09-11,48.060001373291016,49.459999084472656,47.9900016784668,49.459999084472656,165100,91.89457456903483,S,48.320001373291014
2019-09-25,49.09999847412109,49.27000045776367,48.11000061035156,48.91999816894531,378600,22.24522533998841,B,48.91999816894531
2019-09-26,49.36000061035156,49.68999862670898,48.81999969482422,49.4900016784668,236300,75.76133302963483,S,49.60000015258789
2019-10-15,55.38999938964844,55.38999938964844,54.45000076293945,54.63999938964844,187800,21.11131803403694,B,54.63999938964844
2019-10-17,55.29999923706055,56.86000061035156,55.27000045776367,56.650001525878906,448100,90.25402869043123,S,55.399999389648436
2019-11-08,59.93999862670898,60.22999954223633,58.900001525878906,59.5,367700,17.56266150445714,B,59.5
2019-11-14,58.880001068115234,60.66999816894531,58.880001068115234,60.66999816894531,352000,83.9377257259577,S,60.059999237060545
2019-12-12,66.29000091552734,66.6500015258789,64.87999725341797,65.62999725341797,870200,18.602431983383198,B,65.62999725341797
2019-12-20,65.2699966430664,66.55000305175781,63.459999084472656,64.73999786376953,1181200,62.434029201433425,S,65.1099984741211
2019-12-27,65.08000183105469,65.08000183105469,62.630001068115234,63.97999954223633,614600,18.9532956651165,B,63.97999954223633
2020-01-03,63.34000015258789,64.5,62.0099983215332,63.0,708400,3.7723026143474527,S,64.20999694824219
2020-01-06,62.5,63.27000045776367,62.02999877929688,62.61000061035156,376500,2.259980148231591,B,62.61000061035156
2020-01-13,61.70000076293945,63.2400016784668,61.70000076293945,62.79999923706055,954300,78.47725313497148,S,62.699998626708975
2020-01-27,62.7599983215332,63.31999969482422,61.5,62.68999862670898,481000,13.698035950436378,B,62.68999862670898
2020-01-29,63.63999938964844,64.69000244140625,63.34000015258789,64.23999786376953,373000,74.91468795782905,S,63.78999877929688
2020-01-31,62.70000076293945,62.70000076293945,59.650001525878906,60.29999923706055,959900,7.8431804048785665,B,60.29999923706055
2020-02-05,62.400001525878906,62.7400016784668,61.56999969482422,62.7400016784668,372300,76.44560013730131,S,62.609998474121085
2020-02-07,60.7599983215332,61.2400016784668,58.95000076293945,60.68000030517578,360000,20.719902277050664,B,60.68000030517578
2020-02-12,59.790000915527344,61.79999923706055,59.18000030517578,61.79999923706055,513600,79.4821059131918,S,60.87000061035156
2020-02-21,65.13999938964844,65.13999938964844,64.0,64.20999908447266,371000,24.276272521587103,B,64.20999908447266
2020-03-02,58.5,61.27000045776367,58.5,59.84999847412109,932900,11.251603545256714,S,61.090001831054686
2020-03-03,59.54999923706055,60.68999862670898,57.77000045776367,58.560001373291016,934700,3.644390196939028,B,58.560001373291016
2020-03-12,48.04999923706055,49.59999847412109,43.619998931884766,45.13999938964844,707200,9.5519612479479,S,45.13999938964844
2020-03-16,43.41999816894531,45.70000076293945,41.5099983215332,42.0,743900,18.556855582029357,B,42.0
2020-03-20,39.150001525878906,41.2400016784668,35.2400016784668,35.2400016784668,1245400,23.14086620931272,S,40.07999969482422
2020-03-23,35.20000076293945,35.790000915527344,32.79999923706055,33.540000915527344,798500,14.748737338304636,B,33.540000915527344
2020-03-25,35.939998626708984,42.4900016784668,35.0099983215332,41.04999923706055,684800,87.27605334367588,S,37.16999984741211
2020-03-30,39.93000030517578,40.79999923706055,36.900001525878906,37.45000076293945,324700,24.09470950170777,B,37.45000076293945
2020-04-03,36.970001220703125,36.970001220703125,33.029998779296875,33.029998779296875,430300,1.9518350391176966,S,36.899999389648436
2020-04-13,37.61000061035156,37.79999923706055,35.97999954223633,36.54999923706055,574200,22.56419879216081,B,36.54999923706055
2020-04-15,36.81999969482422,39.810001373291016,36.5,38.380001068115234,758700,74.42578717592836,S,39.609998474121085
2020-04-27,44.02000045776367,44.369998931884766,42.29999923706055,42.59999847412109,523900,24.276182410578954,B,42.59999847412109
2020-04-28,43.400001525878906,46.36000061035156,43.02999877929688,45.59000015258789,583000,77.09099330650858,S,44.46000076293945
2020-04-30,45.45000076293945,45.93999862670898,42.5,42.5,567300,21.876056191749058,B,42.5
2020-05-06,41.869998931884766,43.68000030517578,41.20000076293945,42.83000183105469,619100,66.12042555190685,S,42.410001525878904
2020-05-12,42.34999847412109,43.25,39.70000076293945,40.45000076293945,1051600,16.899331524599233,B,40.45000076293945
2020-05-18,39.380001068115234,40.31999969482422,39.20000076293945,39.650001525878906,450900,68.36524987642885,S,39.629998931884764
2020-06-10,47.04999923706055,47.04999923706055,44.880001068115234,44.880001068115234,339000,17.35045713576099,B,44.880001068115234
2020-06-16,46.0,46.0,42.93999862670898,43.0,282800,15.650681441323712,S,44.91999984741211
2020-07-23,53.88999938964844,54.630001068115234,51.84999847412109,51.84999847412109,187300,12.214151347293111,B,51.84999847412109
2020-07-30,52.13999938964844,52.97999954223633,50.959999084472656,51.9900016784668,647200,67.22745798650857,S,52.28000045776367
2020-08-04,53.4900016784668,53.54999923706055,51.09999847412109,51.59999847412109,1077200,24.986642982071018,B,51.59999847412109
2020-08-05,51.70000076293945,53.81999969482422,51.70000076293945,53.060001373291016,454700,65.64634683286636,S,53.660001525878904
2020-08-17,55.0,55.400001525878906,51.34999847412109,52.869998931884766,1202200,9.129676033591537,B,52.869998931884766
2020-08-18,52.869998931884766,56.68000030517578,52.7400016784668,56.13999938964844,708600,71.17611852743835,S,55.73000122070312
2020-08-24,53.25,53.68999862670898,52.16999816894531,53.0,667300,24.334189838466102,B,53.0
2020-08-25,53.0,54.77999877929688,52.88999938964844,54.0,952800,74.455310067646,S,54.21000076293945
2020-09-10,60.209999084472656,60.560001373291016,56.959999084472656,56.959999084472656,731200,21.902558407883305,B,56.959999084472656
2020-09-21,53.5,54.7599983215332,52.9900016784668,54.09999847412109,445500,4.712566885197148,S,54.09999847412109
2020-09-23,55.0,55.34000015258789,53.29999923706055,53.650001525878906,183100,22.420460675522364,B,53.650001525878906
2020-09-28,55.0,55.68000030517578,52.34999847412109,52.900001525878906,486700,19.36964228823689,S,55.30000091552734
2020-10-14,54.75,55.09000015258789,54.04999923706055,54.709999084472656,351200,23.996784829461717,B,54.709999084472656
2020-10-19,53.72999954223633,54.790000915527344,53.59999847412109,54.630001068115234,298200,73.29740056237377,S,54.53999877929688
2020-10-22,54.38999938964844,54.43000030517578,52.5099983215332,52.56999969482422,818200,9.9366843231183,B,52.56999969482422
2020-10-23,57.0099983215332,61.27000045776367,56.22999954223633,61.0,5855500,89.00247710942216,S,55.7699983215332
2020-11-12,65.44999694824219,65.9000015258789,63.810001373291016,64.1500015258789,442300,24.000914412513808,B,64.1500015258789
2020-11-13,64.1500015258789,68.0999984741211,63.9900016784668,67.98999786376953,1088700,84.33220265239063,S,66.09000183105469
2020-11-30,70.91999816894531,73.23999786376953,68.87000274658203,69.44999694824219,927100,5.452009667778341,B,69.44999694824219
2020-12-03,70.8499984741211,71.19999694824219,69.41000366210938,69.41000366210938,336500,33.069598290511436,S,70.95000244140626
2020-12-10,70.1500015258789,70.58999633789062,68.6500015258789,69.5999984741211,302500,16.647261036656374,B,69.5999984741211
2020-12-14,70.04000091552734,71.9000015258789,69.69000244140625,70.18000030517578,452200,80.11848633132321,S,70.59999633789063
2020-12-18,69.54000091552734,70.44999694824219,68.2699966430664,68.44000244140625,823200,7.605472647005527,B,68.44000244140625
2020-12-29,68.70999908447266,68.81999969482422,66.80000305175781,68.13999938964844,741300,46.087114087853564,S,68.69000030517579
2021-01-05,67.22000122070312,67.58999633789062,66.30000305175781,66.95999908447266,308700,6.321077074813658,B,66.95999908447266
2021-01-13,63.709999084472656,64.66000366210938,63.150001525878906,63.79999923706055,337800,55.269222439027665,S,63.989999542236326
2021-01-26,69.44999694824219,70.52999877929688,69.01000213623047,69.01000213623047,293200,18.78291442251323,B,69.01000213623047
2021-01-27,68.95999908447266,72.05000305175781,68.0,71.02999877929688,1338800,84.67959603417327,S,70.64999938964844
2021-02-23,77.4800033569336,78.0,75.16000366210938,75.33000183105469,480000,22.10737786988483,B,75.33000183105469
2021-03-04,70.70999908447266,74.54000091552734,70.70999908447266,73.0,922500,77.94558565724111,S,72.45000244140626
2021-03-22,72.20999908447266,73.7699966430664,71.6500015258789,72.33000183105469,344300,15.534583767952839,B,72.33000183105469
2021-03-31,70.83999633789062,71.26000213623047,69.33000183105469,70.3499984741211,618100,51.37219300686839,S,70.84999633789063
2021-04-26,78.94999694824219,79.0199966430664,74.19999694824219,76.91000366210938,1552600,14.261717415317037,B,76.91000366210938
2021-04-29,77.33999633789062,77.5199966430664,76.12999725341797,76.16999816894531,511000,17.397640599876738,S,77.3599984741211
2021-04-30,76.29000091552734,76.62999725341797,75.05000305175781,75.6500015258789,677800,9.757524919652283,B,75.6500015258789
2021-05-05,76.33000183105469,80.30000305175781,75.83000183105469,79.44999694824219,1244000,96.28322197005181,S,77.09999633789063
2021-06-02,88.58999633789062,88.58999633789062,87.12000274658203,87.3499984741211,421600,19.59690449887256,B,87.3499984741211
2021-06-08,85.33999633789062,89.29000091552734,85.33999633789062,87.5999984741211,994000,75.65505840929445,S,87.80000091552735
2021-06-25,94.54000091552734,94.54000091552734,91.8499984741211,92.79000091552734,279700,19.671947783418105,B,92.79000091552734
2021-06-28,92.02999877929688,95.27999877929688,92.02999877929688,94.9499969482422,384100,71.07932988121469,S,94.84999633789063
2021-07-01,95.48999786376952,95.79000091552734,92.9000015258789,93.51000213623048,570700,19.164119424483104,B,93.51000213623048
2021-07-05,95.41999816894533,97.16999816894533,94.88999938964844,96.0500030517578,402800,82.63632551247466,S,95.80000091552735
2021-07-20,98.7699966430664,98.7699966430664,96.94000244140624,97.2300033569336,333300,14.985580712145776,B,97.2300033569336
2021-07-23,98.4499969482422,99.4499969482422,96.91000366210938,97.7300033569336,451900,48.5835789002439,S,98.69000030517579
2021-07-26,97.1999969482422,97.41000366210938,95.5,96.2699966430664,523900,16.020489179911507,B,96.2699966430664
2021-08-04,91.45999908447266,92.56999969482422,90.69000244140624,91.79000091552734,216700,38.16408462851005,S,91.79000091552734
2021-08-11,92.30999755859376,92.43000030517578,90.3000030517578,91.9800033569336,548500,23.971355492919542,B,91.9800033569336
2021-08-13,94.0,94.3499984741211,89.5999984741211,91.44000244140624,946800,23.105436677523628,S,93.57999969482422
2021-08-16,90.33999633789062,91.76000213623048,88.6500015258789,89.69999694824219,618200,8.365551589750893,B,89.69999694824219
2021-08-19,87.2699966430664,89.63999938964844,85.83999633789062,89.19999694824219,735800,64.61813983522543,S,89.38000274658204
2021-08-31,92.0999984741211,92.0999984741211,89.31999969482422,89.41999816894531,721500,12.443932817169497,B,89.41999816894531
2021-09-10,84.5,84.6500015258789,82.54000091552734,83.16000366210938,564100,27.496583460068948,S,83.16000366210938
2021-09-17,84.11000061035156,84.11000061035156,81.0999984741211,83.29000091552734,617500,13.060432053766036,B,83.29000091552734
2021-09-21,83.81999969482422,87.97000122070312,83.4000015258789,86.76000213623047,1332900,90.53947861118164,S,84.12000061035157
2021-09-28,87.05000305175781,87.12000274658203,81.77999877929688,82.62000274658203,1112900,11.628307239359131,B,82.62000274658203
2021-10-01,84.19999694824219,85.70999908447266,82.33000183105469,85.69000244140625,497600,78.2733455102322,S,84.45999694824219
2021-10-04,85.68000030517578,85.68000030517578,79.4800033569336,80.0999984741211,878500,20.06539936624418,B,80.0999984741211
2021-10-08,80.13999938964844,85.11000061035156,79.75,84.0999984741211,1643600,90.54567258941972,S,80.71999908447266
2021-10-19,87.01000213623047,87.66999816894531,82.33999633789062,83.3499984741211,1065400,18.32155834737594,B,83.3499984741211
2021-10-28,77.87000274658203,78.22000122070312,75.95999908447266,75.95999908447266,699600,15.261818344349408,S,75.95999908447266
2021-10-29,76.27999877929688,77.18000030517578,73.52999877929688,73.9000015258789,911600,6.939927542837609,B,73.9000015258789
2021-11-03,76.08000183105469,81.7300033569336,75.30000305175781,80.05999755859375,1862400,85.47096038332543,S,77.92999816894532
2021-11-08,78.25,78.62000274658203,75.12000274658203,76.5,655200,17.183893641822777,B,76.5
2021-11-10,76.25,79.37000274658203,75.69999694824219,77.75,748600,64.77145587384987,S,78.64999938964844
2021-11-16,77.6500015258789,77.93000030517578,72.9800033569336,73.68000030517578,850500,14.006732033021777,B,73.68000030517578
2021-11-19,73.0,76.77999877929688,72.3499984741211,76.01000213623047,2494200,74.2924258447733,S,74.45000244140626
2021-11-23,73.2300033569336,73.27999877929688,69.55999755859375,71.06999969482422,1106100,21.57978384688937,B,71.06999969482422
2021-12-01,68.12000274658203,73.19999694824219,67.94000244140625,68.72000122070312,2045400,58.41567272343437,S,70.01
2021-12-20,75.98999786376953,76.19000244140625,73.5199966430664,74.75,848900,15.470448133164936,B,74.75
2021-12-27,74.16999816894531,75.98999786376953,73.88999938964844,74.91000366210938,406600,66.38539794373241,S,75.96999908447266
2022-01-03,78.0,78.0,72.0,72.2300033569336,1080000,21.153792080069053,B,72.2300033569336
2022-01-12,66.58999633789062,69.69999694824219,65.79000091552734,68.66000366210938,1015400,77.2662572014633,S,67.32999969482422
2022-01-18,67.69999694824219,67.72000122070312,66.4800033569336,66.88999938964844,526400,14.144836655217631,B,66.88999938964844
2022-01-19,67.63999938964844,70.76000213623047,67.52999877929688,70.4000015258789,815100,86.12989311635663,S,68.71999908447266
2022-02-08,81.04000091552734,81.9000015258789,79.44000244140625,81.22000122070312,1204100,22.34347722813918,B,81.22000122070312
2022-02-09,81.5999984741211,83.08999633789062,80.63999938964844,82.02999877929688,1011100,69.52716479081161,S,82.34000183105469
2022-02-18,84.02999877929688,84.9800033569336,82.80000305175781,83.19999694824219,843200,20.25056000972667,B,83.19999694824219
2022-02-23,82.80000305175781,84.93000030517578,82.3499984741211,82.43000030517578,1151400,56.60843426638503,S,83.56999755859376
2022-02-25,81.83999633789062,82.5999984741211,80.11000061035156,81.22000122070312,532700,23.047977228497288,B,81.22000122070312
2022-03-09,75.18000030517578,78.2699966430664,74.5999984741211,77.3499984741211,1006100,71.53828979915913,S,77.31999755859376
2022-04-11,92.4800033569336,92.5,88.5999984741211,89.05999755859375,1470000,9.624385685387963,B,89.05999755859375
2022-04-13,90.95999908447266,92.83000183105467,90.33000183105467,92.58999633789062,993300,72.18537805954863,S,92.51
2022-04-22,93.75,94.72000122070312,90.81999969482422,91.41000366210938,1245200,19.02218931753201,B,91.41000366210938
2022-04-29,90.4000015258789,92.48999786376952,89.11000061035156,89.47000122070312,1231400,12.999602018097434,S,92.38000274658205
2022-05-02,88.0199966430664,89.66999816894531,86.5999984741211,87.97000122070312,1048000,3.5912371935564664,B,87.97000122070312
2022-05-11,80.9000015258789,81.25,79.5,79.5,841400,20.1750849179317,S,79.5
2022-05-19,81.2699966430664,82.30000305175781,79.79000091552734,81.19999694824219,1188700,15.136299816045351,B,81.19999694824219
2022-05-26,79.93000030517578,81.93000030517578,79.29000091552734,81.2699966430664,705100,81.28541392427816,S,80.56000305175782
2022-05-31,82.66000366210938,83.02999877929688,80.04000091552734,80.19999694824219,1448300,18.990321822740057,B,80.19999694824219
2022-06-09,76.4000015258789,76.4000015258789,75.0,75.0,593600,14.534677570659682,S,75.0
2022-06-10,74.01000213623047,74.9800033569336,73.0,73.44000244140625,775400,6.749767315876895,B,73.44000244140625
2022-06-15,72.69000244140625,74.86000061035156,72.1500015258789,73.25,1025400,63.81589071984822,S,72.66000152587891
2022-06-17,72.0199966430664,72.0999984741211,70.30000305175781,70.7699966430664,1008200,22.080140913959212,B,70.7699966430664
2022-06-23,70.33000183105469,71.69999694824219,69.95999908447266,71.45999908447266,999100,79.74594001617993,S,70.6099984741211
2022-06-28,70.0,70.19000244140625,68.19999694824219,68.7300033569336,1009100,17.287782390574947,B,68.7300033569336
2022-06-30,67.91999816894531,70.69000244140625,67.5,69.55000305175781,1244300,71.59491439186819,S,70.20000244140626
2022-07-04,68.75,69.05999755859375,67.52999877929688,67.80000305175781,627900,16.471285974682942,B,67.80000305175781
2022-07-06,68.08000183105469,70.75,67.9000015258789,70.44999694824219,994200,82.29154541770589,S,69.06999755859376
2022-07-11,71.3499984741211,71.63999938964844,68.97000122070312,69.16999816894531,510800,20.15147188446609,B,69.16999816894531
2022-07-13,69.16000366210938,72.23999786376953,68.87999725341797,71.12999725341797,1061500,70.87974766427891,S,71.64999938964844
2022-08-09,85.1500015258789,85.83999633789062,81.51000213623047,82.5,1403300,18.278413396828086,B,82.5
2022-08-11,87.5,87.58999633789062,83.52999877929688,83.97000122070312,1873500,40.03101527400249,S,87.01
2022-09-06,92.98999786376952,93.1500015258789,90.37999725341795,91.66000366210938,1289700,19.34005442523393,B,91.66000366210938
2022-09-09,93.30999755859376,94.37999725341795,92.5,93.1500015258789,701700,73.26739340472555,S,93.42999816894533
2022-09-26,99.88999938964844,99.93000030517578,96.45999908447266,96.7699966430664,752300,16.28317959985573,B,96.7699966430664
2022-09-30,95.1999969482422,99.0,95.1999969482422,98.41000366210938,1103000,83.59117474622379,S,97.77999664306641
2022-10-11,101.0500030517578,101.63999938964844,99.01000213623048,99.8499984741211,1048000,9.23817913151153,B,99.8499984741211
2022-10-18,100.44000244140624,101.48999786376952,99.87000274658205,100.62000274658205,982400,85.05909520428142,S,100.67000366210938
2022-10-26,98.9800033569336,99.52999877929688,93.87999725341795,93.9499969482422,1719400,4.247495111876162,B,93.9499969482422
2022-10-31,97.45999908447266,104.9499969482422,96.12000274658205,104.5,1604100,90.51459287598882,S,98.64999938964844
2022-11-07,101.3000030517578,102.0,97.55999755859376,98.16000366210938,1274000,11.574839915788488,B,98.16000366210938
2022-11-17,84.69000244140625,88.0,82.38999938964844,87.04000091552734,2692000,43.83359890787596,S,87.04000091552734
2022-11-23,88.62999725341797,88.69000244140625,84.80000305175781,85.7699966430664,952700,21.56749488848584,B,85.7699966430664
2022-11-30,87.70999908447266,89.9800033569336,86.73999786376953,89.56999969482422,1487000,77.60131118336896,S,88.88999725341797
2022-12-01,89.20999908447266,89.25,84.51000213623047,85.41999816894531,2177700,24.967867085574653,B,85.41999816894531
2022-12-12,79.5,81.37999725341797,77.12000274658203,77.79000091552734,1356700,2.3853238215145183,S,77.79000091552734
2022-12-13,78.0,79.33999633789062,75.37999725341797,75.6500015258789,1022200,1.115917805344992,B,75.6500015258789
2022-12-19,73.69000244140625,77.44999694824219,73.43000030517578,77.12999725341797,1158000,76.23365728255511,S,76.88999725341797
2022-12-27,78.81999969482422,78.9000015258789,75.93000030517578,76.56999969482422,1218700,24.5048761795165,B,76.56999969482422
2022-12-29,79.9800033569336,80.18000030517578,76.94999694824219,78.25,1199700,50.81977298824071,S,79.31000305175782
2023-01-02,77.88999938964844,77.88999938964844,72.51000213623047,74.12000274658203,1008600,12.260111080936412,B,74.12000274658203
2023-01-05,73.91999816894531,75.52999877929688,73.44000244140625,74.33999633789062,1661300,60.36045812727919,S,74.59000183105469
2023-01-16,78.19999694824219,79.48999786376953,76.30000305175781,77.43000030517578,919600,23.80414346834243,B,77.43000030517578
2023-01-17,78.01000213623047,81.19999694824219,77.91000366210938,80.0,1390300,76.20696170213512,S,79.99999786376954
2023-02-03,88.26000213623047,89.19000244140625,85.76000213623047,86.52999877929688,1435200,24.272448214233677,B,86.52999877929688
2023-02-14,80.12000274658203,81.0,76.27999877929688,77.5199966430664,1463200,25.91357153664758,S,80.81999755859376
2023-02-22,77.5199966430664,77.77999877929688,75.98999786376953,76.5999984741211,583600,16.754097239267466,B,76.5999984741211
2023-03-03,73.47000122070312,75.68000030517578,73.0199966430664,74.22000122070312,1750900,62.71814817851117,S,75.27000213623047
2023-03-10,74.73999786376953,74.73999786376953,67.2699966430664,68.69999694824219,7245300,8.127770345211147,B,68.69999694824219
2023-03-16,68.19000244140625,69.77999877929688,67.79000091552734,68.91999816894531,1429000,61.00317120822019,S,69.59999633789063
2023-03-17,68.81999969482422,69.19000244140625,66.30999755859375,66.77999877929688,2502700,22.538771097602236,B,66.77999877929688
2023-03-27,62.52000045776367,63.060001373291016,61.959999084472656,62.36000061035156,575600,51.53399485370406,S,63.0199983215332
